ticker,ex_date,applied_on,type,nse_subject,price_factor,observed_price_ratio,yahoo_record,applied,source
360ONE,2023-03-02,2023-03-02,split/bonus,Face Value Split (Sub-Division) - From Rs 2/- Per Share To Re 1/- Per Share + Bonus 1:1,0.25,0.2487,Yahoo recorded 2-for-1 on 2023-03-02,True,"NSE corporate actions (Face Value Split (Sub-Division) - From Rs 2/- Per Share To Re 1/- Per Share + Bonus 1:1, ex-date 2023-03-02); price move confirmed in NSE-anchored closes"
ABB,2019-12-20,2019-12-20,demerger,Demerger,0.941791,0.9418,,True,no verified official ratio — that day's return dropped (treated as missing)
APLAPOLLO,2020-12-15,2020-12-15,split/bonus,Face Value Split (Sub-Division) - From Rs 10/- Per Share To Rs 2/- Per Share,0.2,0.2046,Yahoo recorded 5-for-1 on 2020-12-15,True,"NSE corporate actions (Face Value Split (Sub-Division) - From Rs 10/- Per Share To Rs 2/- Per Share, ex-date 2020-12-15); price move confirmed in NSE-anchored closes"
APLAPOLLO,2021-09-16,2021-09-16,split/bonus,Bonus 1:1,0.5,0.5143,Yahoo recorded 2-for-1 on 2021-09-16,True,"NSE corporate actions (Bonus 1:1, ex-date 2021-09-16); price move confirmed in NSE-anchored closes"
AUBANK,2022-06-09,2022-06-09,split/bonus,Bonus 1:1,0.5,0.4874,Yahoo recorded 2-for-1 on 2022-06-09,True,"NSE corporate actions (Bonus 1:1, ex-date 2022-06-09); price move confirmed in NSE-anchored closes"
ADANIENT,2009-12-10,2009-12-10,split/bonus,Bonus 1:1,0.5,0.5056,Yahoo recorded 2-for-1 on 2009-12-10,True,"NSE corporate actions (Bonus 1:1, ex-date 2009-12-10); price move confirmed in NSE-anchored closes"
ADANIENT,2015-06-03,2015-06-03,demerger,Scheme Of Arrangement,0.172292,0.1723,,True,no verified official ratio — that day's return dropped (treated as missing)
ADANIENT,2018-04-05,2018-04-05,demerger,Scheme Of Arrangement,0.97623,0.9762,,True,no verified official ratio — that day's return dropped (treated as missing)
ADANIENT,2018-09-06,2018-09-06,demerger,Scheme Of Arrangement,0.776013,0.776,,True,no verified official ratio — that day's return dropped (treated as missing)
ADANIENT,2010-03-23,2010-03-23,rights,Rights 1:16 @Prem Rs.474,,0.9979,Yahoo does not adjust rights issues,False,NSE corporate actions; subscription ₹475.00 ≥ cum-rights price ₹465.70 — no adjustment
ADANIENT,2025-11-17,2025-11-17,rights,Rights 3:25 @ Premium Rs 1799/-,0.971897,1.009,Yahoo does not adjust rights issues,True,"NSE corporate actions (Rights 3:25 @ Premium Rs 1799/-, face value ₹1): theoretical ex-rights price = (25×₹2,440.00 + 3×₹1,800.00) ÷ 28"
ADANIPORTS,2010-09-23,2010-09-23,split/bonus,Face Value Split From Rs.10/- To Rs.2/-,0.2,0.1978,Yahoo recorded 5-for-1 on 2010-09-23,True,"NSE corporate actions (Face Value Split From Rs.10/- To Rs.2/-, ex-date 2010-09-23); price move confirmed in NSE-anchored closes"
ADANIPOWER,2025-09-22,2025-09-22,split/bonus,Face Value Split (Sub-Division) - From Rs 10/- Per Share To Rs 2/- Per Share,0.2,0.24,Yahoo recorded 5-for-1 on 2025-09-22,True,"NSE corporate actions (Face Value Split (Sub-Division) - From Rs 10/- Per Share To Rs 2/- Per Share, ex-date 2025-09-22); price move confirmed in NSE-anchored closes"
APOLLOHOSP,2010-09-02,2010-09-02,split/bonus,Face Value Split From Rs.10/- To Rs.5/-,0.5,0.4967,Yahoo recorded 2-for-1 on 2010-09-02,True,"NSE corporate actions (Face Value Split From Rs.10/- To Rs.5/-, ex-date 2010-09-02); price move confirmed in NSE-anchored closes"
ASHOKLEY,2011-08-02,2011-08-02,split/bonus,Bonus 1:1,0.5,0.5034,Yahoo recorded 2-for-1 on 2011-08-02,True,"NSE corporate actions (Bonus 1:1, ex-date 2011-08-02); price move confirmed in NSE-anchored closes"
ASHOKLEY,2025-07-16,2025-07-16,split/bonus,Bonus 1:1,0.5,0.4966,Yahoo recorded 2-for-1 on 2025-07-16,True,"NSE corporate actions (Bonus 1:1, ex-date 2025-07-16); price move confirmed in NSE-anchored closes"
ASIANPAINT,2013-07-30,2013-07-30,split/bonus,Face Value Split Rs 10 To Re 1,0.1,0.0998,Yahoo recorded 10-for-1 on 2013-07-30,True,"NSE corporate actions (Face Value Split Rs 10 To Re 1, ex-date 2013-07-30); price move confirmed in NSE-anchored closes"
ASTRAL,2010-09-15,2010-09-15,split/bonus,Face Value Split From Rs.10/- To Rs.5/-,0.5,0.5227,Yahoo recorded 2-for-1 on 2010-09-15,True,"NSE corporate actions (Face Value Split From Rs.10/- To Rs.5/-, ex-date 2010-09-15); price move confirmed in NSE-anchored closes"
ASTRAL,2013-09-05,2013-09-05,split/bonus,Face Value Split From Rs.5/- To Rs.2/-,0.4,0.4433,Yahoo recorded 2.5-for-1 on 2013-09-05,True,"NSE corporate actions (Face Value Split From Rs.5/- To Rs.2/-, ex-date 2013-09-05); price move confirmed in NSE-anchored closes"
ASTRAL,2014-09-25,2014-09-25,split/bonus,Face Value Split From Rs 2/- Per Share To Re 1/- Per Share,0.5,0.4761,Yahoo recorded 2-for-1 on 2014-09-25,True,"NSE corporate actions (Face Value Split From Rs 2/- Per Share To Re 1/- Per Share, ex-date 2014-09-25); price move confirmed in NSE-anchored closes"
ASTRAL,2019-09-16,2019-09-16,split/bonus,Bonus 1:4,0.8,0.8309,Yahoo recorded 1.25-for-1 on 2019-09-16,True,"NSE corporate actions (Bonus 1:4, ex-date 2019-09-16); price move confirmed in NSE-anchored closes"
ASTRAL,2021-03-18,2021-03-18,split/bonus,Bonus 1:3,0.75,0.6989,Yahoo recorded 1.33333-for-1 on 2021-03-18,True,"NSE corporate actions (Bonus 1:3, ex-date 2021-03-18); price move confirmed in NSE-anchored closes"
ASTRAL,2023-03-14,2023-03-14,split/bonus,Bonus 1:3,0.75,0.738,Yahoo recorded 1.33333-for-1 on 2023-03-14,True,"NSE corporate actions (Bonus 1:3, ex-date 2023-03-14); price move confirmed in NSE-anchored closes"
AUROPHARMA,2011-02-10,2011-02-10,split/bonus,Face Value Split From Rs.5/- To Re.1/-,0.2,0.2079,Yahoo recorded 5-for-1 on 2011-02-10,True,"NSE corporate actions (Face Value Split From Rs.5/- To Re.1/-, ex-date 2011-02-10); price move confirmed in NSE-anchored closes"
AUROPHARMA,2015-07-20,2015-07-20,split/bonus,Bonus 1:1,0.5,0.5087,Yahoo recorded 2-for-1 on 2015-07-20,True,"NSE corporate actions (Bonus 1:1, ex-date 2015-07-20); price move confirmed in NSE-anchored closes"
AXISBANK,2014-07-28,2014-07-28,split/bonus,Face Value Split From Rs 10/- To Rs 2/- Per Share,0.2,0.1991,Yahoo recorded 5-for-1 on 2014-07-28,True,"NSE corporate actions (Face Value Split From Rs 10/- To Rs 2/- Per Share, ex-date 2014-07-28); price move confirmed in NSE-anchored closes"
BSE,2022-03-21,2022-03-21,split/bonus,Bonus 2:1,0.333333,0.3319,Yahoo recorded 3-for-1 on 2022-03-21,True,"NSE corporate actions (Bonus 2:1, ex-date 2022-03-21); price move confirmed in NSE-anchored closes"
BSE,2025-05-23,2025-05-23,split/bonus,Bonus 2:1,0.333333,0.3499,Yahoo recorded 3-for-1 on 2025-05-23,True,"NSE corporate actions (Bonus 2:1, ex-date 2025-05-23); price move confirmed in NSE-anchored closes"
BAJAJ-AUTO,2010-09-08,2010-09-08,split/bonus,Bonus 1:1,0.5,0.494,Yahoo recorded 2-for-1 on 2010-09-08,True,"NSE corporate actions (Bonus 1:1, ex-date 2010-09-08); price move confirmed in NSE-anchored closes"
BAJFINANCE,2016-09-08,2016-09-08,split/bonus,Face Value Split (Sub-Division) - From Rs 10/- Per Share To Rs 2/- Per Share + Bonus 1:1,0.1,0.1021,Yahoo recorded 5-for-1 on 2016-09-08,True,"NSE corporate actions (Face Value Split (Sub-Division) - From Rs 10/- Per Share To Rs 2/- Per Share + Bonus 1:1, ex-date 2016-09-08); price move confirmed in NSE-anchored closes"
BAJFINANCE,2025-06-16,2025-06-16,split/bonus,Face Value Split (Sub-Division) - From Rs 2/- Per Share To Re 1/- Per Share + Bonus 4:1,0.1,0.1005,Yahoo recorded 2-for-1 on 2025-06-16,True,"NSE corporate actions (Face Value Split (Sub-Division) - From Rs 2/- Per Share To Re 1/- Per Share + Bonus 4:1, ex-date 2025-06-16); price move confirmed in NSE-anchored closes"
BAJFINANCE,2013-01-23,2013-01-23,rights,Rights 3:19 @ Premium Rs 1090 Per Share,0.970702,0.95,Yahoo does not adjust rights issues,True,"NSE corporate actions (Rights 3:19 @ Premium Rs 1090 Per Share, face value ₹1): theoretical ex-rights price = (19×₹1,389.55 + 3×₹1,091.00) ÷ 22"
BAJAJFINSV,2022-09-13,2022-09-13,split/bonus,Face Value Split (Sub-Division) - From Rs 5/- Per Share To Re 1/- Per Share + Bonus 1:1,0.1,0.1041,Yahoo recorded 5-for-1 on 2022-09-13,True,"NSE corporate actions (Face Value Split (Sub-Division) - From Rs 5/- Per Share To Re 1/- Per Share + Bonus 1:1, ex-date 2022-09-13); price move confirmed in NSE-anchored closes"
BAJAJFINSV,2012-09-06,2012-09-06,rights,Rights 1:10 @ Premium Rs.645/- Per Share,0.982012,0.9723,Yahoo does not adjust rights issues,True,"NSE corporate actions (Rights 1:10 @ Premium Rs.645/- Per Share, face value ₹1): theoretical ex-rights price = (10×₹805.35 + 1×₹646.00) ÷ 11"
BAJAJHLDNG,2008-03-14,2008-03-14,demerger,Scheme Of Arrangement,0.36215,0.3621,,True,no verified official ratio — that day's return dropped (treated as missing)
BANKBARODA,2015-01-22,2015-01-22,split/bonus,Face Value Split (Sub-Division) - From Rs 10/- Per Share To Rs 2/- Per Share,0.2,0.1985,Yahoo recorded 5-for-1 on 2015-01-22,True,"NSE corporate actions (Face Value Split (Sub-Division) - From Rs 10/- Per Share To Rs 2/- Per Share, ex-date 2015-01-22); price move confirmed in NSE-anchored closes"
BDL,2024-05-24,2024-05-24,split/bonus,Face Value Split (Sub-Division) - From Rs 10/- Per Share To Rs 5/- Per Share,0.5,0.5419,Yahoo recorded 2-for-1 on 2024-05-24,True,"NSE corporate actions (Face Value Split (Sub-Division) - From Rs 10/- Per Share To Rs 5/- Per Share, ex-date 2024-05-24); price move confirmed in NSE-anchored closes"
BEL,2015-09-14,2015-09-14,split/bonus,Bonus 2:1,0.333333,0.3274,Yahoo recorded 3-for-1 on 2015-09-14,True,"NSE corporate actions (Bonus 2:1, ex-date 2015-09-14); price move confirmed in NSE-anchored closes"
BEL,2017-03-16,2017-03-16,split/bonus,Face Value Split From Rs 10/- Per Share To Re 1/- Per Share,0.1,0.1052,Yahoo recorded 10-for-1 on 2017-03-16,True,"NSE corporate actions (Face Value Split From Rs 10/- Per Share To Re 1/- Per Share, ex-date 2017-03-16); price move confirmed in NSE-anchored closes"
BEL,2017-09-28,2017-09-28,split/bonus,Bonus 1:10,0.909091,0.9248,Yahoo recorded 1.1-for-1 on 2017-09-28,True,"NSE corporate actions (Bonus 1:10, ex-date 2017-09-28); price move confirmed in NSE-anchored closes"
BEL,2022-09-15,2022-09-15,split/bonus,Bonus 2:1,0.333333,0.3308,Yahoo recorded 3-for-1 on 2022-09-15,True,"NSE corporate actions (Bonus 2:1, ex-date 2022-09-15); price move confirmed in NSE-anchored closes"
BHARATFORG,2017-09-28,2017-09-28,split/bonus,Bonus 1:1,0.5,0.4923,Yahoo recorded 2-for-1 on 2017-09-28,True,"NSE corporate actions (Bonus 1:1, ex-date 2017-09-28); price move confirmed in NSE-anchored closes"
BHEL,2011-10-03,2011-10-03,split/bonus,Face Value Split From Rs.10/- To Rs.2/-,0.2,0.1951,Yahoo recorded 5-for-1 on 2011-10-03,True,"NSE corporate actions (Face Value Split From Rs.10/- To Rs.2/-, ex-date 2011-10-03); price move confirmed in NSE-anchored closes"
BHEL,2017-09-28,2017-09-28,split/bonus,Bonus 1:2,0.666667,0.6631,Yahoo recorded 1.5-for-1 on 2017-09-28,True,"NSE corporate actions (Bonus 1:2, ex-date 2017-09-28); price move confirmed in NSE-anchored closes"
BPCL,2012-07-13,2012-07-13,split/bonus,Bonus 1:1,0.5,0.4921,Yahoo recorded 2-for-1 on 2012-07-13,True,"NSE corporate actions (Bonus 1:1, ex-date 2012-07-13); price move confirmed in NSE-anchored closes"
BPCL,2016-07-13,2016-07-13,split/bonus,Bonus 1:1,0.5,0.4869,Yahoo recorded 2-for-1 on 2016-07-13,True,"NSE corporate actions (Bonus 1:1, ex-date 2016-07-13); price move confirmed in NSE-anchored closes"
BPCL,2017-07-13,2017-07-13,split/bonus,Bonus 1:2,0.666667,0.6707,Yahoo recorded 1.5-for-1 on 2017-07-13,True,"NSE corporate actions (Bonus 1:2, ex-date 2017-07-13); price move confirmed in NSE-anchored closes"
BPCL,2024-06-21,2024-06-21,split/bonus,Bonus 1:1,0.5,0.4912,Yahoo recorded 2-for-1 on 2024-06-21,True,"NSE corporate actions (Bonus 1:1, ex-date 2024-06-21); price move confirmed in NSE-anchored closes"
BHARTIARTL,2019-04-23,2019-04-23,rights,Rights 19:67 @ Premium Rs 215 Per Share,0.918179,0.9058,Yahoo does not adjust rights issues,True,"NSE corporate actions (Rights 19:67 @ Premium Rs 215 Per Share, face value ₹5): theoretical ex-rights price = (67×₹349.40 + 19×₹220.00) ÷ 86"
BHARTIARTL,2021-09-27,2021-09-27,rights,Rights 1:14 @ Premium Rs 530/-,0.981571,0.9772,Yahoo does not adjust rights issues,True,"NSE corporate actions (Rights 1:14 @ Premium Rs 530/-, face value ₹5): theoretical ex-rights price = (14×₹739.40 + 1×₹535.00) ÷ 15"
BHARTIARTL,2009-07-24,2009-07-24,split/bonus,(no NSE record),0.5,0.5109,Yahoo recorded 2-for-1 on 2009-07-24,True,yfinance action history (NSE corporate-actions feed has no record)
BIOCON,2008-09-11,2008-09-11,split/bonus,Bonus 1:1,0.5,0.5006,Yahoo recorded 2-for-1 on 2008-09-11,True,"NSE corporate actions (Bonus 1:1, ex-date 2008-09-11); price move confirmed in NSE-anchored closes"
BIOCON,2017-06-15,2017-06-15,split/bonus,Bonus 2:1,0.333333,0.3381,Yahoo recorded 3-for-1 on 2017-06-15,True,"NSE corporate actions (Bonus 2:1, ex-date 2017-06-15); price move confirmed in NSE-anchored closes"
BIOCON,2019-06-12,2019-06-12,split/bonus,Bonus 1:1,0.5,0.4802,Yahoo recorded 2-for-1 on 2019-06-12,True,"NSE corporate actions (Bonus 1:1, ex-date 2019-06-12); price move confirmed in NSE-anchored closes"
BLUESTARCO,2023-06-20,2023-06-20,split/bonus,Bonus 1:1,0.5,0.5181,Yahoo recorded 2-for-1 on 2023-06-20,True,"NSE corporate actions (Bonus 1:1, ex-date 2023-06-20); price move confirmed in NSE-anchored closes"
BRITANNIA,2010-09-08,2010-09-08,split/bonus,Face Value Split From Rs.10/- To Rs.2/-,0.2,0.2274,Yahoo recorded 5-for-1 on 2010-09-08,True,"NSE corporate actions (Face Value Split From Rs.10/- To Rs.2/-, ex-date 2010-09-08); price move confirmed in NSE-anchored closes"
BRITANNIA,2018-11-29,2018-11-29,split/bonus,Face Value Split (Sub-Division) - From Rs 2/- Per Share To Re 1/- Per Share,0.5,0.5086,Yahoo recorded 2-for-1 on 2018-11-29,True,"NSE corporate actions (Face Value Split (Sub-Division) - From Rs 2/- Per Share To Re 1/- Per Share, ex-date 2018-11-29); price move confirmed in NSE-anchored closes"
CGPOWER,2010-03-08,2010-03-08,split/bonus,Bonus 3:4,0.571429,0.5644,Yahoo recorded 1.75-for-1 on 2010-03-08,True,"NSE corporate actions (Bonus 3:4, ex-date 2010-03-08); price move confirmed in NSE-anchored closes"
CGPOWER,2016-03-15,2016-03-15,demerger,Scheme Of Arrangement,0.283323,0.2833,,True,no verified official ratio — that day's return dropped (treated as missing)
CANBK,2024-05-15,2024-05-15,split/bonus,Face Value Split (Sub-Division) - From Rs 10/- Per Share To Rs 2/- Per Share,0.2,0.21,Yahoo recorded 5-for-1 on 2024-05-15,True,"NSE corporate actions (Face Value Split (Sub-Division) - From Rs 10/- Per Share To Rs 2/- Per Share, ex-date 2024-05-15); price move confirmed in NSE-anchored closes"
CANBK,2017-02-17,2017-02-17,rights,Rights 1:10 @ Prem Rs 197/- Per Share,0.970199,0.986,Yahoo does not adjust rights issues,True,"NSE corporate actions (Rights 1:10 @ Prem Rs 197/- Per Share, face value ₹2): theoretical ex-rights price = (10×₹296.05 + 1×₹199.00) ÷ 11"
CHOLAFIN,2019-06-14,2019-06-14,split/bonus,Face Value Split (Sub-Division) - From Rs 10/- Per Share To Rs 2/- Per Share,0.2,0.198,Yahoo recorded 5-for-1 on 2019-06-14,True,"NSE corporate actions (Face Value Split (Sub-Division) - From Rs 10/- Per Share To Rs 2/- Per Share, ex-date 2019-06-14); price move confirmed in NSE-anchored closes"
COCHINSHIP,2024-01-10,2024-01-10,split/bonus,Face Value Split (Sub-Division) - From Rs 10/- Per Share To Rs 5/- Per Share,0.5,0.6,Yahoo recorded 2-for-1 on 2024-01-10,True,"NSE corporate actions (Face Value Split (Sub-Division) - From Rs 10/- Per Share To Rs 5/- Per Share, ex-date 2024-01-10); price move confirmed in NSE-anchored closes"
COFORGE,2025-06-04,2025-06-04,split/bonus,Face Value Split (Sub-Division) - From Rs 10/- Per Share To Rs 2/- Per Share,0.2,0.2029,Yahoo recorded 5-for-1 on 2025-06-04,True,"NSE corporate actions (Face Value Split (Sub-Division) - From Rs 10/- Per Share To Rs 2/- Per Share, ex-date 2025-06-04); price move confirmed in NSE-anchored closes"
COLPAL,2015-09-23,2015-09-23,split/bonus,Bonus 1:1,0.5,0.4882,Yahoo recorded 2-for-1 on 2015-09-23,True,"NSE corporate actions (Bonus 1:1, ex-date 2015-09-23); price move confirmed in NSE-anchored closes"
CONCOR,2008-04-16,2008-04-16,split/bonus,Bonus - 1:1,0.5,0.5176,Yahoo recorded 2-for-1 on 2008-04-16,True,"NSE corporate actions (Bonus - 1:1, ex-date 2008-04-16); price move confirmed in NSE-anchored closes"
CONCOR,2013-09-06,2013-09-06,split/bonus,Bonus 1:2,0.666667,0.6708,Yahoo recorded 1.5-for-1 on 2013-09-06,True,"NSE corporate actions (Bonus 1:2, ex-date 2013-09-06); price move confirmed in NSE-anchored closes"
CONCOR,2017-04-05,2017-04-05,split/bonus,Bonus 1:4,0.8,0.8013,Yahoo recorded 1.25-for-1 on 2017-04-05,True,"NSE corporate actions (Bonus 1:4, ex-date 2017-04-05); price move confirmed in NSE-anchored closes"
CONCOR,2018-06-26,2018-06-26,split/bonus,Face Value Split (Sub-Division) - From Rs 10/- Per Share To Rs 5/- Per Share,0.5,0.5014,Yahoo recorded 2-for-1 on 2018-06-26,True,"NSE corporate actions (Face Value Split (Sub-Division) - From Rs 10/- Per Share To Rs 5/- Per Share, ex-date 2018-06-26); price move confirmed in NSE-anchored closes"
CONCOR,2019-02-04,2019-02-04,split/bonus,Bonus 1:4,0.8,0.7873,Yahoo recorded 1.25-for-1 on 2019-02-04,True,"NSE corporate actions (Bonus 1:4, ex-date 2019-02-04); price move confirmed in NSE-anchored closes"
CONCOR,2025-07-04,2025-07-04,split/bonus,Bonus 1:4,0.8,0.8046,Yahoo recorded 1.25-for-1 on 2025-07-04,True,"NSE corporate actions (Bonus 1:4, ex-date 2025-07-04); price move confirmed in NSE-anchored closes"
CUMMINSIND,2011-09-20,2011-09-20,split/bonus,Bonus 2:5,0.714286,0.7027,Yahoo recorded 1.4-for-1 on 2011-09-20,True,"NSE corporate actions (Bonus 2:5, ex-date 2011-09-20); price move confirmed in NSE-anchored closes"
DABUR,2010-09-08,2010-09-08,split/bonus,Bonus 1:1,0.5,0.4975,Yahoo recorded 2-for-1 on 2010-09-08,True,"NSE corporate actions (Bonus 1:1, ex-date 2010-09-08); price move confirmed in NSE-anchored closes"
DIVISLAB,2009-07-30,2009-07-30,split/bonus,Bonus-1:1,0.5,0.4954,Yahoo recorded 2-for-1 on 2009-07-30,True,"NSE corporate actions (Bonus-1:1, ex-date 2009-07-30); price move confirmed in NSE-anchored closes"
DIVISLAB,2015-09-23,2015-09-23,split/bonus,Bonus 1:1,0.5,0.5046,Yahoo recorded 2-for-1 on 2015-09-23,True,"NSE corporate actions (Bonus 1:1, ex-date 2015-09-23); price move confirmed in NSE-anchored closes"
DIXON,2021-03-18,2021-03-18,split/bonus,Face Value Split (Sub-Division) - From Rs 10/- Per Share To Rs 2/- Per Share,0.2,0.2112,Yahoo recorded 5-for-1 on 2021-03-18,True,"NSE corporate actions (Face Value Split (Sub-Division) - From Rs 10/- Per Share To Rs 2/- Per Share, ex-date 2021-03-18); price move confirmed in NSE-anchored closes"
DRREDDY,2024-10-28,2024-10-28,split/bonus,Face Value Split (Sub-Division) - From Rs 5/- Per Share To Re 1/- Per Share,0.2,0.2013,Yahoo recorded 5-for-1 on 2024-10-28,True,"NSE corporate actions (Face Value Split (Sub-Division) - From Rs 5/- Per Share To Re 1/- Per Share, ex-date 2024-10-28); price move confirmed in NSE-anchored closes"
EICHERMOT,2020-08-24,2020-08-24,split/bonus,Face Value Split (Sub-Division) - From Rs 10/- Per Share To Re 1/- Per Share,0.1,0.1003,Yahoo recorded 10-for-1 on 2020-08-24,True,"NSE corporate actions (Face Value Split (Sub-Division) - From Rs 10/- Per Share To Re 1/- Per Share, ex-date 2020-08-24); price move confirmed in NSE-anchored closes"
EXIDEIND,2007-12-10,2007-12-10,rights,Rights-Eq 1:15@Prem Rs.29,0.963238,0.9993,Yahoo does not adjust rights issues,True,"NSE corporate actions (Rights-Eq 1:15@Prem Rs.29, face value ₹1): theoretical ex-rights price = (15×₹72.85 + 1×₹30.00) ÷ 16"
NYKAA,2022-11-10,2022-11-10,split/bonus,Bonus 5:1,0.166667,0.1775,Yahoo recorded 6-for-1 on 2022-11-10,True,"NSE corporate actions (Bonus 5:1, ex-date 2022-11-10); price move confirmed in NSE-anchored closes"
FEDERALBNK,2013-10-17,2013-10-17,split/bonus,Face Value Split From Rs.10/- To Rs.2/-,0.2,0.2054,Yahoo recorded 5-for-1 on 2013-10-17,True,"NSE corporate actions (Face Value Split From Rs.10/- To Rs.2/-, ex-date 2013-10-17); price move confirmed in NSE-anchored closes"
FEDERALBNK,2015-07-08,2015-07-08,split/bonus,Bonus 1:1,0.5,0.4902,Yahoo recorded 2-for-1 on 2015-07-08,True,"NSE corporate actions (Bonus 1:1, ex-date 2015-07-08); price move confirmed in NSE-anchored closes"
FEDERALBNK,2007-11-19,2007-11-19,rights,Rights-Eq 1:1@Prem Rs.240,0.755463,0.7792,Yahoo does not adjust rights issues,True,"NSE corporate actions (Rights-Eq 1:1@Prem Rs.240, face value ₹2): theoretical ex-rights price = (1×₹473.65 + 1×₹242.00) ÷ 2"
GAIL,2008-10-06,2008-10-06,split/bonus,Bonus 1:2,0.666667,0.6395,Yahoo recorded 1.5-for-1 on 2008-10-06,True,"NSE corporate actions (Bonus 1:2, ex-date 2008-10-06); price move confirmed in NSE-anchored closes"
GAIL,2017-03-09,2017-03-09,split/bonus,Bonus 1:3,0.75,0.7311,Yahoo recorded 1.33333-for-1 on 2017-03-09,True,"NSE corporate actions (Bonus 1:3, ex-date 2017-03-09); price move confirmed in NSE-anchored closes"
GAIL,2018-03-27,2018-03-27,split/bonus,Bonus 1:3,0.75,0.7549,Yahoo recorded 1.33333-for-1 on 2018-03-27,True,"NSE corporate actions (Bonus 1:3, ex-date 2018-03-27); price move confirmed in NSE-anchored closes"
GAIL,2019-07-09,2019-07-09,split/bonus,Bonus 1:1,0.5,0.4869,Yahoo recorded 2-for-1 on 2019-07-09,True,"NSE corporate actions (Bonus 1:1, ex-date 2019-07-09); price move confirmed in NSE-anchored closes"
GAIL,2022-09-06,2022-09-06,split/bonus,Bonus 1:2,0.666667,0.6804,Yahoo recorded 1.5-for-1 on 2022-09-06,True,"NSE corporate actions (Bonus 1:2, ex-date 2022-09-06); price move confirmed in NSE-anchored closes"
GVT&D,2008-10-22,2008-10-22,split/bonus,Fv Split Rs.10/- To Rs.2,0.2,,Yahoo recorded 5-for-1 on 2008-10-22,False,"NSE corporate actions (Fv Split Rs.10/- To Rs.2, ex-date 2008-10-22); price move confirmed in NSE-anchored closes"
GMRAIRPORT,2007-09-28,2007-09-28,split/bonus,Fv Split Rs.10/- To Rs.2,0.2,0.2043,Yahoo recorded 5-for-1 on 2007-09-28,True,"NSE corporate actions (Fv Split Rs.10/- To Rs.2, ex-date 2007-09-28); price move confirmed in NSE-anchored closes"
GMRAIRPORT,2009-10-01,2009-10-01,split/bonus,Fv Split Rs.2/- To Re.1/-,0.5,0.5107,Yahoo recorded 2-for-1 on 2009-10-01,True,"NSE corporate actions (Fv Split Rs.2/- To Re.1/-, ex-date 2009-10-01); price move confirmed in NSE-anchored closes"
GMRAIRPORT,2022-01-11,2022-01-11,demerger,Demerger,0.925697,0.9257,,True,no verified official ratio — that day's return dropped (treated as missing)
GMRAIRPORT,2015-03-11,2015-03-11,rights,Rights 3:14 @ Premium Rs 14/- Per Share,0.981092,0.9851,Yahoo does not adjust rights issues,True,"NSE corporate actions (Rights 3:14 @ Premium Rs 14/- Per Share, face value ₹1): theoretical ex-rights price = (14×₹16.80 + 3×₹15.00) ÷ 17"
GODFRYPHLP,2014-11-28,2014-11-28,split/bonus,Face Value Split From Rs 10/- Per Share To Rs 2/- Per Share,0.2,0.2019,Yahoo recorded 5-for-1 on 2014-11-28,True,"NSE corporate actions (Face Value Split From Rs 10/- Per Share To Rs 2/- Per Share, ex-date 2014-11-28); price move confirmed in NSE-anchored closes"
GODFRYPHLP,2025-09-16,2025-09-16,split/bonus,Bonus 2:1,0.333333,0.3562,Yahoo recorded 3-for-1 on 2025-09-16,True,"NSE corporate actions (Bonus 2:1, ex-date 2025-09-16); price move confirmed in NSE-anchored closes"
GODREJCP,2017-06-22,2017-06-22,split/bonus,Bonus 1:1,0.5,0.4912,Yahoo recorded 2-for-1 on 2017-06-22,True,"NSE corporate actions (Bonus 1:1, ex-date 2017-06-22); price move confirmed in NSE-anchored closes"
GODREJCP,2018-09-12,2018-09-12,split/bonus,Bonus 1:2,0.666667,0.6933,Yahoo recorded 1.5-for-1 on 2018-09-12,True,"NSE corporate actions (Bonus 1:2, ex-date 2018-09-12); price move confirmed in NSE-anchored closes"
GODREJCP,2008-03-12,2008-03-12,rights,Rights-Eq 1:7@Prem Rs122,0.986171,1.0022,Yahoo does not adjust rights issues,True,"NSE corporate actions (Rights-Eq 1:7@Prem Rs122, face value ₹1): theoretical ex-rights price = (7×₹138.30 + 1×₹123.00) ÷ 8"
GODREJPROP,2013-11-21,2013-11-21,split/bonus,Face Value Split From Rs.10/- To Rs.5/-,0.5,0.499,Yahoo recorded 2-for-1 on 2013-11-21,True,"NSE corporate actions (Face Value Split From Rs.10/- To Rs.5/-, ex-date 2013-11-21); price move confirmed in NSE-anchored closes"
GODREJPROP,2013-08-19,2013-08-19,rights,Rights 8:29 @ Premium Rs.315/- Per Equity Share,0.927778,0.928,Yahoo does not adjust rights issues,True,"NSE corporate actions (Rights 8:29 @ Premium Rs.315/- Per Equity Share, face value ₹5): theoretical ex-rights price = (29×₹480.50 + 8×₹320.00) ÷ 37"
GRASIM,2016-10-06,2016-10-06,split/bonus,Face Value Split From Rs 10 To Re 2,0.2,0.2046,Yahoo recorded 5-for-1 on 2016-10-06,True,"NSE corporate actions (Face Value Split From Rs 10 To Re 2, ex-date 2016-10-06); price move confirmed in NSE-anchored closes"
GRASIM,2010-05-26,2010-05-26,demerger,Scheme Of Arrangement,0.792928,0.7929,,True,no verified official ratio — that day's return dropped (treated as missing)
GRASIM,2017-07-19,2017-07-19,demerger,Scheme Of Arrangement,0.799695,0.7997,,True,no verified official ratio — that day's return dropped (treated as missing)
GRASIM,2024-01-10,2024-01-10,rights,Rights 6:179 @ Premium Rs 1810/-,0.996153,1.0062,Yahoo does not adjust rights issues,True,"NSE corporate actions (Rights 6:179 @ Premium Rs 1810/-, face value ₹2): theoretical ex-rights price = (179×₹2,055.88 + 6×₹1,812.00) ÷ 185"
HCLTECH,2015-03-19,2015-03-19,split/bonus,Bonus 1 : 1,0.5,0.4882,Yahoo recorded 2-for-1 on 2015-03-19,True,"NSE corporate actions (Bonus 1 : 1, ex-date 2015-03-19); price move confirmed in NSE-anchored closes"
HCLTECH,2019-12-05,2019-12-05,split/bonus,Bonus 1:1,0.5,0.4984,Yahoo recorded 2-for-1 on 2019-12-05,True,"NSE corporate actions (Bonus 1:1, ex-date 2019-12-05); price move confirmed in NSE-anchored closes"
HDFCAMC,2025-11-26,2025-11-26,split/bonus,Bonus 1:1,0.5,0.502,Yahoo recorded 2-for-1 on 2025-11-26,True,"NSE corporate actions (Bonus 1:1, ex-date 2025-11-26); price move confirmed in NSE-anchored closes"
HDFCBANK,2011-07-14,2011-07-15,split/bonus,Face Value Split From Rs.10/- To Rs.2/-,0.2,0.202,Yahoo has no record,True,"NSE corporate actions (Face Value Split From Rs.10/- To Rs.2/-, ex-date 2011-07-14); price move confirmed in NSE-anchored closes"
HDFCBANK,2019-09-19,2019-09-19,split/bonus,Face Value Split (Sub-Division) - From Rs 2 Per Share To Rs 1 Per Share,0.5,0.5033,Yahoo recorded 2-for-1 on 2019-09-19,True,"NSE corporate actions (Face Value Split (Sub-Division) - From Rs 2 Per Share To Rs 1 Per Share, ex-date 2019-09-19); price move confirmed in NSE-anchored closes"
HDFCBANK,2025-08-26,2025-08-26,split/bonus,Bonus 1:1,0.5,0.4956,Yahoo recorded 2-for-1 on 2025-08-26,True,"NSE corporate actions (Bonus 1:1, ex-date 2025-08-26); price move confirmed in NSE-anchored closes"
HAVELLS,2010-10-08,2010-10-08,split/bonus,Bonus 1:1,0.5,0.5013,Yahoo recorded 2-for-1 on 2010-10-08,True,"NSE corporate actions (Bonus 1:1, ex-date 2010-10-08); price move confirmed in NSE-anchored closes"
HAVELLS,2014-08-26,2014-08-26,split/bonus,Face Value Split From Rs 5/- Per Share To Re 1/- Per Share,0.2,0.219,Yahoo recorded 5-for-1 on 2014-08-26,True,"NSE corporate actions (Face Value Split From Rs 5/- Per Share To Re 1/- Per Share, ex-date 2014-08-26); price move confirmed in NSE-anchored closes"
HAL,2023-09-28,2023-09-28,split/bonus,Face Value Split (Sub-Division) - From Rs 10/- Per Share To Rs 5/- Per Share,0.5,0.4923,Yahoo recorded 2-for-1 on 2023-09-28,True,"NSE corporate actions (Face Value Split (Sub-Division) - From Rs 10/- Per Share To Rs 5/- Per Share, ex-date 2023-09-28); price move confirmed in NSE-anchored closes"
HINDPETRO,2016-09-14,2016-09-14,split/bonus,Bonus 2:1,0.333333,0.3327,Yahoo recorded 3-for-1 on 2016-09-14,True,"NSE corporate actions (Bonus 2:1, ex-date 2016-09-14); price move confirmed in NSE-anchored closes"
HINDPETRO,2017-07-11,2017-07-11,split/bonus,Bonus 1:2,0.666667,0.6641,Yahoo recorded 1.5-for-1 on 2017-07-11,True,"NSE corporate actions (Bonus 1:2, ex-date 2017-07-11); price move confirmed in NSE-anchored closes"
HINDPETRO,2024-06-21,2024-06-21,split/bonus,Bonus 1:2,0.666667,0.6507,Yahoo recorded 1.5-for-1 on 2024-06-21,True,"NSE corporate actions (Bonus 1:2, ex-date 2024-06-21); price move confirmed in NSE-anchored closes"
HINDUNILVR,2025-12-05,2025-12-05,demerger,Demerger,0.983673,0.9498,,True,"NSE special pre-open session price discovery: opening price ₹2,422.00 on 2025-12-05 vs previous close ₹2,462.20 on 2025-12-04 (NSE bhavcopies; SPOS framework https://www.nseindia.com/products-services/equity-market-special-pre-open-session)"
HINDZINC,2011-03-07,2011-03-07,split/bonus,Bonus - 1:1 And Face Value Split From Rs. 10 To Rs. 2,0.1,0.0974,Yahoo recorded 5-for-1 on 2011-03-07,True,"NSE corporate actions (Bonus - 1:1 And Face Value Split From Rs. 10 To Rs. 2, ex-date 2011-03-07); price move confirmed in NSE-anchored closes"
ICICIBANK,2014-12-04,2014-12-04,split/bonus,Face Value Split (Sub-Division) - From Rs 10/- Per Share To Rs 2/- Per Share,0.2,0.2019,Yahoo recorded 5-for-1 on 2014-12-04,True,"NSE corporate actions (Face Value Split (Sub-Division) - From Rs 10/- Per Share To Rs 2/- Per Share, ex-date 2014-12-04); price move confirmed in NSE-anchored closes"
ICICIBANK,2017-06-20,2017-06-20,split/bonus,Bonus 1:10 (Revised),0.909091,0.9122,Yahoo recorded 1.1-for-1 on 2017-06-20,True,"NSE corporate actions (Bonus 1:10 (Revised), ex-date 2017-06-20); price move confirmed in NSE-anchored closes"
ITC,2010-08-03,2010-08-03,split/bonus,Bonus 1:1,0.5,0.4936,Yahoo recorded 2-for-1 on 2010-08-03,True,"NSE corporate actions (Bonus 1:1, ex-date 2010-08-03); price move confirmed in NSE-anchored closes"
ITC,2016-07-01,2016-07-01,split/bonus,Bonus 1:2,0.666667,0.685,Yahoo recorded 1.5-for-1 on 2016-07-01,True,"NSE corporate actions (Bonus 1:2, ex-date 2016-07-01); price move confirmed in NSE-anchored closes"
ITC,2025-01-06,2025-01-06,demerger,Demerger,0.946013,0.9191,,True,NSE special pre-open session price discovery: opening price ₹455.60 on 2025-01-06 vs previous close ₹481.60 on 2025-01-03 (NSE bhavcopies; SPOS framework https://www.nseindia.com/products-services/equity-market-special-pre-open-session)
INDHOTEL,2017-10-04,2017-10-04,rights,Rights 1:5 @ Premium Rs 74/-,0.935876,0.9057,Yahoo does not adjust rights issues,True,"NSE corporate actions (Rights 1:5 @ Premium Rs 74/-, face value ₹1): theoretical ex-rights price = (5×₹121.90 + 1×₹75.00) ÷ 6"
INDHOTEL,2021-11-11,2021-11-11,rights,Rights 1:9 @ Premium Rs 149/-,0.96967,0.9656,Yahoo does not adjust rights issues,True,"NSE corporate actions (Rights 1:9 @ Premium Rs 149/-, face value ₹1): theoretical ex-rights price = (9×₹215.30 + 1×₹150.00) ÷ 10"
IOC,2009-10-29,2009-10-29,split/bonus,Bonus 1:1,0.5,0.4896,Yahoo recorded 2-for-1 on 2009-10-29,True,"NSE corporate actions (Bonus 1:1, ex-date 2009-10-29); price move confirmed in NSE-anchored closes"
IOC,2016-10-18,2016-10-18,split/bonus,Bonus 1:1,0.5,0.5009,Yahoo recorded 2-for-1 on 2016-10-18,True,"NSE corporate actions (Bonus 1:1, ex-date 2016-10-18); price move confirmed in NSE-anchored closes"
IOC,2018-03-15,2018-03-15,split/bonus,Bonus 1:1,0.5,0.4861,Yahoo recorded 2-for-1 on 2018-03-15,True,"NSE corporate actions (Bonus 1:1, ex-date 2018-03-15); price move confirmed in NSE-anchored closes"
IOC,2022-06-30,2022-06-30,split/bonus,Bonus 1:2,0.666667,0.6762,Yahoo recorded 1.5-for-1 on 2022-06-30,True,"NSE corporate actions (Bonus 1:2, ex-date 2022-06-30); price move confirmed in NSE-anchored closes"
IRCTC,2021-10-28,2021-10-28,split/bonus,Face Value Split (Sub-Division) - From Rs 10/- Per Share To Rs 2/- Per Share,0.2,0.2212,Yahoo recorded 5-for-1 on 2021-10-28,True,"NSE corporate actions (Face Value Split (Sub-Division) - From Rs 10/- Per Share To Rs 2/- Per Share, ex-date 2021-10-28); price move confirmed in NSE-anchored closes"
NAUKRI,2010-09-27,2010-09-27,split/bonus,Bonus 1:1,0.5,0.5344,Yahoo recorded 2-for-1 on 2010-09-27,True,"NSE corporate actions (Bonus 1:1, ex-date 2010-09-27); price move confirmed in NSE-anchored closes"
NAUKRI,2012-06-22,2012-06-22,split/bonus,Bonus 1:1,0.5,0.5065,Yahoo recorded 2-for-1 on 2012-06-22,True,"NSE corporate actions (Bonus 1:1, ex-date 2012-06-22); price move confirmed in NSE-anchored closes"
NAUKRI,2025-05-07,2025-05-07,split/bonus,Face Value Split (Sub-Division) - From Rs 10/- Per Share To Rs 2/- Per Share,0.2,0.1983,Yahoo recorded 5-for-1 on 2025-05-07,True,"NSE corporate actions (Face Value Split (Sub-Division) - From Rs 10/- Per Share To Rs 2/- Per Share, ex-date 2025-05-07); price move confirmed in NSE-anchored closes"
INFY,2014-12-02,2014-12-02,split/bonus,Bonus 1:1,0.5,0.4889,Yahoo recorded 2-for-1 on 2014-12-02,True,"NSE corporate actions (Bonus 1:1, ex-date 2014-12-02); price move confirmed in NSE-anchored closes"
INFY,2015-06-15,2015-06-15,split/bonus,Dividend - Rs 29.50/- Per Share And Bonus 1:1,0.5,0.5015,Yahoo recorded 2-for-1 on 2015-06-15,True,"NSE corporate actions (Dividend - Rs 29.50/- Per Share And Bonus 1:1, ex-date 2015-06-15); price move confirmed in NSE-anchored closes"
INFY,2018-09-04,2018-09-04,split/bonus,Bonus 1:1,0.5,0.514,Yahoo recorded 2-for-1 on 2018-09-04,True,"NSE corporate actions (Bonus 1:1, ex-date 2018-09-04); price move confirmed in NSE-anchored closes"
JSWSTEEL,2017-01-04,2017-01-04,split/bonus,Fv Splt Frm Rs 10 To Re 1,0.1,0.0991,Yahoo recorded 10-for-1 on 2017-01-04,True,"NSE corporate actions (Fv Splt Frm Rs 10 To Re 1, ex-date 2017-01-04); price move confirmed in NSE-anchored closes"
JINDALSTEL,2008-01-21,2008-01-21,split/bonus,Fv Split Rs.5/- To Re.1/-,0.2,0.1465,Yahoo recorded 5-for-1 on 2008-01-21,True,"NSE corporate actions (Fv Split Rs.5/- To Re.1/-, ex-date 2008-01-21); price move confirmed in NSE-anchored closes"
JINDALSTEL,2009-09-14,2009-09-14,split/bonus,Bon 5:1purpose Revised,0.166667,0.1706,Yahoo recorded 6-for-1 on 2009-09-14,True,"NSE corporate actions (Bon 5:1purpose Revised, ex-date 2009-09-14); price move confirmed in NSE-anchored closes"
JUBLFOOD,2018-06-21,2018-06-21,split/bonus,Bonus 1:1,0.5,0.4982,Yahoo recorded 2-for-1 on 2018-06-21,True,"NSE corporate actions (Bonus 1:1, ex-date 2018-06-21); price move confirmed in NSE-anchored closes"
JUBLFOOD,2022-04-19,2022-04-19,split/bonus,Face Value Split (Sub-Division) - From Rs 10/- Per Share To Rs 2/- Per Share,0.2,0.192,Yahoo recorded 5-for-1 on 2022-04-19,True,"NSE corporate actions (Face Value Split (Sub-Division) - From Rs 10/- Per Share To Rs 2/- Per Share, ex-date 2022-04-19); price move confirmed in NSE-anchored closes"
KOTAKBANK,2010-09-13,2010-09-13,split/bonus,Face Value Split From Rs.10/- To Rs.5/-,0.5,0.5259,Yahoo recorded 2-for-1 on 2010-09-13,True,"NSE corporate actions (Face Value Split From Rs.10/- To Rs.5/-, ex-date 2010-09-13); price move confirmed in NSE-anchored closes"
KOTAKBANK,2015-07-08,2015-07-08,split/bonus,Bonus 1: 1,0.5,0.496,Yahoo recorded 2-for-1 on 2015-07-08,True,"NSE corporate actions (Bonus 1: 1, ex-date 2015-07-08); price move confirmed in NSE-anchored closes"
KOTAKBANK,2026-01-14,2026-01-14,split/bonus,Face Value Split (Sub-Division) - From Rs 5/- Per Share To Re 1/- Per Share,0.2,0.1974,Yahoo recorded 5-for-1 on 2026-01-14,True,"NSE corporate actions (Face Value Split (Sub-Division) - From Rs 5/- Per Share To Re 1/- Per Share, ex-date 2026-01-14); price move confirmed in NSE-anchored closes"
LTF,2021-01-21,2021-01-21,rights,Rights 17:74@ Premium Rs 55 Per Share,0.930114,0.922,Yahoo does not adjust rights issues,True,"NSE corporate actions (Rights 17:74@ Premium Rs 55 Per Share, face value ₹10): theoretical ex-rights price = (74×₹103.85 + 17×₹65.00) ÷ 91"
LICHSGFIN,2010-12-30,2010-12-30,split/bonus,Face Value Split From Rs.10/- To Rs.2/-,0.2,0.2036,Yahoo recorded 5-for-1 on 2010-12-30,True,"NSE corporate actions (Face Value Split From Rs.10/- To Rs.2/-, ex-date 2010-12-30); price move confirmed in NSE-anchored closes"
LT,2008-10-01,2008-10-01,split/bonus,Bonus 1:1,0.5,0.4971,Yahoo recorded 2-for-1 on 2008-10-01,True,"NSE corporate actions (Bonus 1:1, ex-date 2008-10-01); price move confirmed in NSE-anchored closes"
LT,2013-07-11,2013-07-11,split/bonus,Bonus 1:2,0.666667,0.6825,Yahoo recorded 1.5-for-1 on 2013-07-11,True,"NSE corporate actions (Bonus 1:2, ex-date 2013-07-11); price move confirmed in NSE-anchored closes"
LT,2017-07-13,2017-07-13,split/bonus,Bonus 1:2,0.666667,0.6755,Yahoo recorded 1.5-for-1 on 2017-07-13,True,"NSE corporate actions (Bonus 1:2, ex-date 2017-07-13); price move confirmed in NSE-anchored closes"
LAURUSLABS,2020-09-29,2020-09-29,split/bonus,Face Value Split (Sub-Division) - From Rs 10/- Per Share To Rs 2/- Per Share,0.2,0.198,Yahoo recorded 5-for-1 on 2020-09-29,True,"NSE corporate actions (Face Value Split (Sub-Division) - From Rs 10/- Per Share To Rs 2/- Per Share, ex-date 2020-09-29); price move confirmed in NSE-anchored closes"
LICI,2026-05-29,2026-05-29,split/bonus,Bonus 1:1,0.5,0.4956,Yahoo recorded 2-for-1 on 2026-05-29,True,"NSE corporate actions (Bonus 1:1, ex-date 2026-05-29); price move confirmed in NSE-anchored closes"
LODHA,2023-05-31,2023-05-31,split/bonus,Bonus 1:1,0.5,0.519,Yahoo recorded 2-for-1 on 2023-05-31,True,"NSE corporate actions (Bonus 1:1, ex-date 2023-05-31); price move confirmed in NSE-anchored closes"
LUPIN,2010-08-27,2010-08-27,split/bonus,Face Value Split From Rs.10/- To Rs.2/-,0.2,0.1997,Yahoo recorded 5-for-1 on 2010-08-27,True,"NSE corporate actions (Face Value Split From Rs.10/- To Rs.2/-, ex-date 2010-08-27); price move confirmed in NSE-anchored closes"
M&MFIN,2013-02-15,2013-02-15,split/bonus,Face Value Split Rs 10 To Rs 2,0.2,0.2,Yahoo recorded 5-for-1 on 2013-02-15,True,"NSE corporate actions (Face Value Split Rs 10 To Rs 2, ex-date 2013-02-15); price move confirmed in NSE-anchored closes"
M&MFIN,2020-07-22,2020-07-22,rights,Rights 1:1 @ Premium Rs 48/-,0.609697,0.6751,Yahoo does not adjust rights issues,True,"NSE corporate actions (Rights 1:1 @ Premium Rs 48/-, face value ₹2): theoretical ex-rights price = (1×₹227.90 + 1×₹50.00) ÷ 2"
M&MFIN,2025-05-14,2025-05-14,rights,Rights 1:8 @ Premium Rs 192/-,0.975326,1.0412,Yahoo does not adjust rights issues,True,"NSE corporate actions (Rights 1:8 @ Premium Rs 192/-, face value ₹2): theoretical ex-rights price = (8×₹249.38 + 1×₹194.00) ÷ 9"
M&M,2010-03-29,2010-03-29,split/bonus,Fv Split Rs.10 To Rs.5,0.5,0.5122,Yahoo recorded 2-for-1 on 2010-03-29,True,"NSE corporate actions (Fv Split Rs.10 To Rs.5, ex-date 2010-03-29); price move confirmed in NSE-anchored closes"
M&M,2017-12-21,2017-12-21,split/bonus,Bonus 1:1,0.5,0.4814,Yahoo recorded 2-for-1 on 2017-12-21,True,"NSE corporate actions (Bonus 1:1, ex-date 2017-12-21); price move confirmed in NSE-anchored closes"
MARICO,2015-12-22,2015-12-22,split/bonus,Bonus 1:1,0.5,0.4778,Yahoo recorded 2-for-1 on 2015-12-22,True,"NSE corporate actions (Bonus 1:1, ex-date 2015-12-22); price move confirmed in NSE-anchored closes"
MARICO,2013-11-01,2013-11-01,demerger,Scheme Of Arrangement And First Interim Dividend,,0.9976,,False,NSE lists the action; price shows no unusual fall — no adjustment needed
MFSL,2016-01-27,2016-01-27,demerger,Scheme Of Arrangement,0.739186,0.7392,,True,no verified official ratio — that day's return dropped (treated as missing)
MAZDOCK,2024-12-27,2024-12-27,split/bonus,Face Value Split (Sub-Division) - From Rs 10/- Per Share To Rs 5/- Per Share,0.5,0.49,Yahoo recorded 2-for-1 on 2024-12-27,True,"NSE corporate actions (Face Value Split (Sub-Division) - From Rs 10/- Per Share To Rs 5/- Per Share, ex-date 2024-12-27); price move confirmed in NSE-anchored closes"
MOTILALOFS,2008-07-25,2008-07-25,split/bonus,Fv Split Rs.5/- To Re.1/-,0.2,0.1995,Yahoo recorded 5-for-1 on 2008-07-25,True,"NSE corporate actions (Fv Split Rs.5/- To Re.1/-, ex-date 2008-07-25); price move confirmed in NSE-anchored closes"
MOTILALOFS,2024-06-10,2024-06-10,split/bonus,Bonus 3:1,0.25,0.2704,Yahoo recorded 4-for-1 on 2024-06-10,True,"NSE corporate actions (Bonus 3:1, ex-date 2024-06-10); price move confirmed in NSE-anchored closes"
MCX,2026-01-02,2026-01-02,split/bonus,Face Value Split (Sub-Division) - From Rs 10/- Per Share To Rs 2/- Per Share,0.2,0.2017,Yahoo recorded 5-for-1 on 2026-01-02,True,"NSE corporate actions (Face Value Split (Sub-Division) - From Rs 10/- Per Share To Rs 2/- Per Share, ex-date 2026-01-02); price move confirmed in NSE-anchored closes"
NMDC,2008-04-10,2008-04-10,split/bonus,Fv Split Rs.10/- To Re.1,0.1,0.105,Yahoo recorded 10-for-1 on 2008-04-10,True,"NSE corporate actions (Fv Split Rs.10/- To Re.1, ex-date 2008-04-10); price move confirmed in NSE-anchored closes"
NMDC,2008-05-21,2008-05-21,split/bonus,Bonus 2:1,0.333333,0.35,Yahoo recorded 3-for-1 on 2008-05-21,True,"NSE corporate actions (Bonus 2:1, ex-date 2008-05-21); price move confirmed in NSE-anchored closes"
NMDC,2024-12-27,2024-12-27,split/bonus,Bonus 2:1,0.333333,0.3232,Yahoo recorded 3-for-1 on 2024-12-27,True,"NSE corporate actions (Bonus 2:1, ex-date 2024-12-27); price move confirmed in NSE-anchored closes"
NMDC,2022-10-27,2022-10-27,demerger,Demerger,0.797706,0.7977,,True,no verified official ratio — that day's return dropped (treated as missing)
NTPC,2019-03-19,2019-03-19,split/bonus,Bonus 1:5,0.833333,0.8498,Yahoo recorded 1.2-for-1 on 2019-03-19,True,"NSE corporate actions (Bonus 1:5, ex-date 2019-03-19); price move confirmed in NSE-anchored closes"
NATIONALUM,2011-03-15,2011-03-15,split/bonus,Bonus 1:1 And Face Value Split From Rs.10/- To Rs.5/-,0.25,0.2273,Yahoo recorded 2-for-1 on 2011-03-15,True,"NSE corporate actions (Bonus 1:1 And Face Value Split From Rs.10/- To Rs.5/-, ex-date 2011-03-15); price move confirmed in NSE-anchored closes"
NESTLEIND,2024-01-05,2024-01-05,split/bonus,Face Value Split (Sub-Division) - From Rs10/- Per Share To Re 1/- Per Share,0.1,0.0983,Yahoo recorded 10-for-1 on 2024-01-05,True,"NSE corporate actions (Face Value Split (Sub-Division) - From Rs10/- Per Share To Re 1/- Per Share, ex-date 2024-01-05); price move confirmed in NSE-anchored closes"
NESTLEIND,2025-08-08,2025-08-08,split/bonus,Bonus 1:1,0.5,0.4907,Yahoo recorded 2-for-1 on 2025-08-08,True,"NSE corporate actions (Bonus 1:1, ex-date 2025-08-08); price move confirmed in NSE-anchored closes"
ONGC,2011-02-08,2011-02-08,split/bonus,Bonus 1:1 And Face Value Split From Rs.10/- To Rs.5/-,0.25,0.2361,Yahoo recorded 2-for-1 on 2011-02-08,True,"NSE corporate actions (Bonus 1:1 And Face Value Split From Rs.10/- To Rs.5/-, ex-date 2011-02-08); price move confirmed in NSE-anchored closes"
ONGC,2016-12-15,2016-12-15,split/bonus,Bonus 1: 2,0.666667,0.6762,Yahoo recorded 1.5-for-1 on 2016-12-15,True,"NSE corporate actions (Bonus 1: 2, ex-date 2016-12-15); price move confirmed in NSE-anchored closes"
OIL,2012-03-29,2012-03-29,split/bonus,Bonus 3:2,0.4,0.385,Yahoo recorded 2.5-for-1 on 2012-03-29,True,"NSE corporate actions (Bonus 3:2, ex-date 2012-03-29); price move confirmed in NSE-anchored closes"
OIL,2017-01-12,2017-01-12,split/bonus,Bonus 1:3,0.75,0.7153,Yahoo recorded 1.33333-for-1 on 2017-01-12,True,"NSE corporate actions (Bonus 1:3, ex-date 2017-01-12); price move confirmed in NSE-anchored closes"
OIL,2018-03-27,2018-03-27,split/bonus,Bonus 1:2,0.666667,0.6331,Yahoo recorded 1.5-for-1 on 2018-03-27,True,"NSE corporate actions (Bonus 1:2, ex-date 2018-03-27); price move confirmed in NSE-anchored closes"
OIL,2024-07-02,2024-07-02,split/bonus,Bonus 1:2,0.666667,0.6799,Yahoo recorded 1.5-for-1 on 2024-07-02,True,"NSE corporate actions (Bonus 1:2, ex-date 2024-07-02); price move confirmed in NSE-anchored closes"
PIIND,2011-08-17,2011-08-17,split/bonus,Face Value Split From Rs.10/- To Rs.5/-,0.5,0.5108,Yahoo recorded 2-for-1 on 2011-08-17,True,"NSE corporate actions (Face Value Split From Rs.10/- To Rs.5/-, ex-date 2011-08-17); price move confirmed in NSE-anchored closes"
PIIND,2013-04-12,2013-04-12,split/bonus,Face Value Split From Rs.5/- Per Share To Re.1/- Per Share,0.2,0.2152,Yahoo recorded 5-for-1 on 2013-04-12,True,"NSE corporate actions (Face Value Split From Rs.5/- Per Share To Re.1/- Per Share, ex-date 2013-04-12); price move confirmed in NSE-anchored closes"
PATANJALI,2025-09-11,2025-09-11,split/bonus,Bonus 2:1,0.333333,0.3324,Yahoo recorded 3-for-1 on 2025-09-11,True,"NSE corporate actions (Bonus 2:1, ex-date 2025-09-11); price move confirmed in NSE-anchored closes"
PERSISTENT,2015-03-10,2015-03-10,split/bonus,Bonus 1 : 1,0.5,0.4552,Yahoo recorded 2-for-1 on 2015-03-10,True,"NSE corporate actions (Bonus 1 : 1, ex-date 2015-03-10); price move confirmed in NSE-anchored closes"
PERSISTENT,2024-03-28,2024-03-28,split/bonus,Face Value Split (Sub-Division) - From Rs 10/- Per Share To Rs 5/- Per Share,0.5,0.4919,Yahoo recorded 2-for-1 on 2024-03-28,True,"NSE corporate actions (Face Value Split (Sub-Division) - From Rs 10/- Per Share To Rs 5/- Per Share, ex-date 2024-03-28); price move confirmed in NSE-anchored closes"
PHOENIXLTD,2008-02-13,2008-02-13,split/bonus,Fv Split Rs.10/- To Rs.2,0.2,0.2092,Yahoo recorded 5-for-1 on 2008-02-13,True,"NSE corporate actions (Fv Split Rs.10/- To Rs.2, ex-date 2008-02-13); price move confirmed in NSE-anchored closes"
PHOENIXLTD,2024-09-20,2024-09-20,split/bonus,Bonus 1:1,0.5,0.5221,Yahoo recorded 2-for-1 on 2024-09-20,True,"NSE corporate actions (Bonus 1:1, ex-date 2024-09-20); price move confirmed in NSE-anchored closes"
PIDILITIND,2010-03-15,2010-03-15,split/bonus,Bonus 1:1,0.5,0.4735,Yahoo recorded 2-for-1 on 2010-03-15,True,"NSE corporate actions (Bonus 1:1, ex-date 2010-03-15); price move confirmed in NSE-anchored closes"
PIDILITIND,2025-09-23,2025-09-23,split/bonus,Bonus 1:1,0.5,0.4902,Yahoo recorded 2-for-1 on 2025-09-23,True,"NSE corporate actions (Bonus 1:1, ex-date 2025-09-23); price move confirmed in NSE-anchored closes"
PFC,2016-08-26,2016-08-26,split/bonus,Bonus 1:1,0.5,0.4852,Yahoo recorded 2-for-1 on 2016-08-26,True,"NSE corporate actions (Bonus 1:1, ex-date 2016-08-26); price move confirmed in NSE-anchored closes"
PFC,2023-09-21,2023-09-21,split/bonus,Bonus 1:4,0.8,0.8006,Yahoo recorded 1.25-for-1 on 2023-09-21,True,"NSE corporate actions (Bonus 1:4, ex-date 2023-09-21); price move confirmed in NSE-anchored closes"
POWERGRID,2021-07-29,2021-07-29,split/bonus,Bonus 1:3,0.75,0.7339,Yahoo recorded 1.33333-for-1 on 2021-07-29,True,"NSE corporate actions (Bonus 1:3, ex-date 2021-07-29); price move confirmed in NSE-anchored closes"
POWERGRID,2023-09-12,2023-09-12,split/bonus,Bonus 1:3,0.75,0.7233,Yahoo recorded 1.33333-for-1 on 2023-09-12,True,"NSE corporate actions (Bonus 1:3, ex-date 2023-09-12); price move confirmed in NSE-anchored closes"
PNB,2014-12-18,2014-12-18,split/bonus,Face Value Split (Sub-Division) - From Rs 10/- Per Share To Rs 2/- Per Share,0.2,0.2081,Yahoo recorded 5-for-1 on 2014-12-18,True,"NSE corporate actions (Face Value Split (Sub-Division) - From Rs 10/- Per Share To Rs 2/- Per Share, ex-date 2014-12-18); price move confirmed in NSE-anchored closes"
RECLTD,2016-09-28,2016-09-28,split/bonus,Bonus 1:1,0.5,0.5001,Yahoo recorded 2-for-1 on 2016-09-28,True,"NSE corporate actions (Bonus 1:1, ex-date 2016-09-28); price move confirmed in NSE-anchored closes"
RECLTD,2022-08-17,2022-08-17,split/bonus,Bonus 1:3,0.75,0.7678,Yahoo recorded 1.33333-for-1 on 2022-08-17,True,"NSE corporate actions (Bonus 1:3, ex-date 2022-08-17); price move confirmed in NSE-anchored closes"
RELIANCE,2009-11-26,2009-11-26,split/bonus,Bonus 1:1,0.5,0.4847,Yahoo recorded 2-for-1 on 2009-11-26,True,"NSE corporate actions (Bonus 1:1, ex-date 2009-11-26); price move confirmed in NSE-anchored closes"
RELIANCE,2017-09-07,2017-09-07,split/bonus,Bonus 1:1,0.5,0.4972,Yahoo recorded 2-for-1 on 2017-09-07,True,"NSE corporate actions (Bonus 1:1, ex-date 2017-09-07); price move confirmed in NSE-anchored closes"
RELIANCE,2024-10-28,2024-10-28,split/bonus,Bonus 1:1,0.5,0.5024,Yahoo recorded 2-for-1 on 2024-10-28,True,"NSE corporate actions (Bonus 1:1, ex-date 2024-10-28); price move confirmed in NSE-anchored closes"
RELIANCE,2023-07-20,2023-07-20,demerger,Demerger,0.907859,0.9132,,True,"NSE special pre-open session price discovery: opening price ₹2,580.00 on 2023-07-20 vs previous close ₹2,841.85 on 2023-07-19 (NSE bhavcopies; SPOS framework https://www.nseindia.com/products-services/equity-market-special-pre-open-session)"
RELIANCE,2020-05-13,2020-05-13,rights,Rights 1:15 @ Premium Rs 1247,0.99061,1.0212,Yahoo does not adjust rights issues,True,"NSE corporate actions (Rights 1:15 @ Premium Rs 1247, face value ₹10): theoretical ex-rights price = (15×₹1,479.25 + 1×₹1,257.00) ÷ 16"
SRF,2021-10-13,2021-10-13,split/bonus,Bonus 4:1,0.2,0.1931,Yahoo recorded 5-for-1 on 2021-10-13,True,"NSE corporate actions (Bonus 4:1, ex-date 2021-10-13); price move confirmed in NSE-anchored closes"
MOTHERSON,2012-10-03,2012-10-03,split/bonus,Bonus 1:2,0.666667,0.6827,Yahoo recorded 1.5-for-1 on 2012-10-03,True,"NSE corporate actions (Bonus 1:2, ex-date 2012-10-03); price move confirmed in NSE-anchored closes"
MOTHERSON,2013-12-20,2013-12-20,split/bonus,Bonus 1:2,0.666667,0.6871,Yahoo recorded 1.5-for-1 on 2013-12-20,True,"NSE corporate actions (Bonus 1:2, ex-date 2013-12-20); price move confirmed in NSE-anchored closes"
MOTHERSON,2015-07-23,2015-07-23,split/bonus,Bonus - 1:2,0.666667,0.6681,Yahoo recorded 1.5-for-1 on 2015-07-23,True,"NSE corporate actions (Bonus - 1:2, ex-date 2015-07-23); price move confirmed in NSE-anchored closes"
MOTHERSON,2017-07-05,2017-07-05,split/bonus,Bonus 1:2,0.666667,0.6663,Yahoo recorded 1.5-for-1 on 2017-07-05,True,"NSE corporate actions (Bonus 1:2, ex-date 2017-07-05); price move confirmed in NSE-anchored closes"
MOTHERSON,2018-10-30,2018-10-30,split/bonus,Bonus 1:2,0.666667,0.7077,Yahoo recorded 1.5-for-1 on 2018-10-30,True,"NSE corporate actions (Bonus 1:2, ex-date 2018-10-30); price move confirmed in NSE-anchored closes"
MOTHERSON,2022-10-03,2022-10-03,split/bonus,Bonus 1:2,0.666667,0.6693,Yahoo recorded 1.5-for-1 on 2022-10-03,True,"NSE corporate actions (Bonus 1:2, ex-date 2022-10-03); price move confirmed in NSE-anchored closes"
MOTHERSON,2025-07-18,2025-07-18,split/bonus,Bonus 1:2,0.666667,0.6562,Yahoo recorded 1.5-for-1 on 2025-07-18,True,"NSE corporate actions (Bonus 1:2, ex-date 2025-07-18); price move confirmed in NSE-anchored closes"
MOTHERSON,2022-01-14,2022-01-14,demerger,Demerger,0.790247,0.7902,,True,no verified official ratio — that day's return dropped (treated as missing)
SHRIRAMFIN,2025-01-10,2025-01-10,split/bonus,Face Value Split (Sub-Division) - From Rs 10/- Per Share To Rs 2/- Per Share,0.2,0.1893,Yahoo recorded 5-for-1 on 2025-01-10,True,"NSE corporate actions (Face Value Split (Sub-Division) - From Rs 10/- Per Share To Rs 2/- Per Share, ex-date 2025-01-10); price move confirmed in NSE-anchored closes"
SHRIRAMFIN,2020-07-09,2020-07-09,rights,Rights 3:26 @ Premium Rs 560/-,0.973261,0.9518,Yahoo does not adjust rights issues,True,"NSE corporate actions (Rights 3:26 @ Premium Rs 560/-, face value ₹2): theoretical ex-rights price = (26×₹757.90 + 3×₹562.00) ÷ 29"
SIEMENS,2008-02-29,2008-02-29,split/bonus,Bonus 1:1,0.5,0.4772,Yahoo recorded 2-for-1 on 2008-02-29,True,"NSE corporate actions (Bonus 1:1, ex-date 2008-02-29); price move confirmed in NSE-anchored closes"
SIEMENS,2025-04-07,2025-04-07,demerger,Demerger,0.497144,0.5707,,True,"NSE special pre-open session price discovery: opening price ₹2,450.00 on 2025-04-07 vs previous close ₹4,928.15 on 2025-04-04 (NSE bhavcopies; SPOS framework https://www.nseindia.com/products-services/equity-market-special-pre-open-session)"
SOLARINDS,2016-07-13,2016-07-13,split/bonus,Fv Splt Frm Rs 10 To Rs 2,0.2,0.2001,Yahoo recorded 5-for-1 on 2016-07-13,True,"NSE corporate actions (Fv Splt Frm Rs 10 To Rs 2, ex-date 2016-07-13); price move confirmed in NSE-anchored closes"
SBIN,2014-11-20,2014-11-20,split/bonus,Face Value Split Rs.10/- To Re.1/- Per Share,0.1,0.1021,Yahoo recorded 10-for-1 on 2014-11-20,True,"NSE corporate actions (Face Value Split Rs.10/- To Re.1/- Per Share, ex-date 2014-11-20); price move confirmed in NSE-anchored closes"
SBIN,2008-01-28,2008-01-28,rights,Rights-Eq 1:5@Prem Rs1580,0.942788,0.9609,Yahoo does not adjust rights issues,True,"NSE corporate actions (Rights-Eq 1:5@Prem Rs1580, face value ₹1): theoretical ex-rights price = (5×₹2,407.40 + 1×₹1,581.00) ÷ 6"
SUNPHARMA,2010-11-25,2010-11-25,split/bonus,Face Value Split From Rs.5/- To Re.1/-,0.2,0.1997,Yahoo recorded 5-for-1 on 2010-11-25,True,"NSE corporate actions (Face Value Split From Rs.5/- To Re.1/-, ex-date 2010-11-25); price move confirmed in NSE-anchored closes"
SUNPHARMA,2013-07-29,2013-07-29,split/bonus,Bonus 1:1,0.5,0.5095,Yahoo recorded 2-for-1 on 2013-07-29,True,"NSE corporate actions (Bonus 1:1, ex-date 2013-07-29); price move confirmed in NSE-anchored closes"
SUPREMEIND,2010-10-18,2010-10-18,split/bonus,Face Value Split From Rs.10/- To Rs.2/-,0.2,0.1983,Yahoo recorded 5-for-1 on 2010-10-18,True,"NSE corporate actions (Face Value Split From Rs.10/- To Rs.2/-, ex-date 2010-10-18); price move confirmed in NSE-anchored closes"
SUZLON,2008-01-21,2008-01-21,split/bonus,Fv Split Rs.10/- To Rs.2,0.2,0.193,Yahoo recorded 5-for-1 on 2008-01-21,True,"NSE corporate actions (Fv Split Rs.10/- To Rs.2, ex-date 2008-01-21); price move confirmed in NSE-anchored closes"
SUZLON,2010-06-09,2010-06-09,rights,Rights 2:15 @ Premium Rs.61/-,,0.9981,Yahoo does not adjust rights issues,False,NSE corporate actions; subscription ₹63.00 ≥ cum-rights price ₹53.60 — no adjustment
SUZLON,2022-10-03,2022-10-03,rights,Rights 5:21 @ Premium Rs 3/-,0.918214,0.908,Yahoo does not adjust rights issues,True,"NSE corporate actions (Rights 5:21 @ Premium Rs 3/-, face value ₹2): theoretical ex-rights price = (21×₹8.70 + 5×₹5.00) ÷ 26"
TVSMOTOR,2010-09-08,2010-09-08,split/bonus,Bonus 1:1,0.5,0.5167,Yahoo recorded 2-for-1 on 2010-09-08,True,"NSE corporate actions (Bonus 1:1, ex-date 2010-09-08); price move confirmed in NSE-anchored closes"
TATACOMM,2019-09-17,2019-09-17,demerger,Demerger,,1.05,,False,NSE lists the action; price shows no unusual fall — no adjustment needed
TCS,2009-06-16,2009-06-16,split/bonus,Bonus 1:1,0.5,0.5002,Yahoo recorded 2-for-1 on 2009-06-16,True,"NSE corporate actions (Bonus 1:1, ex-date 2009-06-16); price move confirmed in NSE-anchored closes"
TCS,2018-05-31,2018-05-31,split/bonus,Bonus 1:1,0.5,0.4954,Yahoo recorded 2-for-1 on 2018-05-31,True,"NSE corporate actions (Bonus 1:1, ex-date 2018-05-31); price move confirmed in NSE-anchored closes"
TATACONSUM,2010-06-30,2010-06-30,split/bonus,Face Value Split From Rs.10/- To Re.1/-,0.1,0.1018,Yahoo recorded 10-for-1 on 2010-06-30,True,"NSE corporate actions (Face Value Split From Rs.10/- To Re.1/-, ex-date 2010-06-30); price move confirmed in NSE-anchored closes"
TATACONSUM,2024-07-26,2024-07-26,rights,Rights 1:26 @ Premium Rs 817/-,0.988031,1.0042,Yahoo does not adjust rights issues,True,"NSE corporate actions (Rights 1:26 @ Premium Rs 817/-, face value ₹1): theoretical ex-rights price = (26×₹1,208.58 + 1×₹818.00) ÷ 27"
TMPV,2011-09-12,2011-09-12,split/bonus,Face Value Split From Rs.10/- To Rs.2/-,0.2,0.1913,Yahoo recorded 5-for-1 on 2011-09-12,True,"NSE corporate actions (Face Value Split From Rs.10/- To Rs.2/-, ex-date 2011-09-12); price move confirmed in NSE-anchored closes"
TMPV,2025-10-14,2025-10-14,demerger,Demerger,0.605373,0.5985,,True,NSE special pre-open session price discovery: opening price ₹400.00 on 2025-10-14 vs previous close ₹660.75 on 2025-10-13 (NSE bhavcopies; SPOS framework https://www.nseindia.com/products-services/equity-market-special-pre-open-session)
TMPV,2015-04-06,2015-04-06,rights,Rights 6:109 @ Premium Rs. 448/- Per Share,0.989388,1.0058,Yahoo does not adjust rights issues,True,"NSE corporate actions (Rights 6:109 @ Premium Rs. 448/- Per Share, face value ₹2): theoretical ex-rights price = (109×₹564.90 + 6×₹450.00) ÷ 115"
TATAPOWER,2011-09-26,2011-09-26,split/bonus,Face Value Split From Rs.10/- To Re.1/-,0.1,0.0978,Yahoo recorded 10-for-1 on 2011-09-26,True,"NSE corporate actions (Face Value Split From Rs.10/- To Re.1/-, ex-date 2011-09-26); price move confirmed in NSE-anchored closes"
TATAPOWER,2014-03-19,2014-03-19,rights,Rights 7:50 @ Premium Rs.59/- Per Equity Share,0.965017,0.9464,Yahoo does not adjust rights issues,True,"NSE corporate actions (Rights 7:50 @ Premium Rs.59/- Per Equity Share, face value ₹1): theoretical ex-rights price = (50×₹83.90 + 7×₹60.00) ÷ 57"
TATASTEEL,2022-07-28,2022-07-28,split/bonus,Face Value Split (Sub-Division) - From Rs 10/- Per Share To Re 1/- Per Share,0.1,0.1046,Yahoo recorded 10-for-1 on 2022-07-28,True,"NSE corporate actions (Face Value Split (Sub-Division) - From Rs 10/- Per Share To Re 1/- Per Share, ex-date 2022-07-28); price move confirmed in NSE-anchored closes"
TECHM,2015-03-19,2015-03-19,split/bonus,Bonus 1:1 + Face Value Split - From Rs 10/- Per Share To Rs 5/- Per Share,0.25,0.2454,Yahoo recorded 2-for-1 on 2015-03-19,True,"NSE corporate actions (Bonus 1:1 + Face Value Split - From Rs 10/- Per Share To Rs 5/- Per Share, ex-date 2015-03-19); price move confirmed in NSE-anchored closes"
TITAN,2011-06-23,2011-06-23,split/bonus,Face Value Split From Rs.10/- To Re.1/- + Bonus 1:1,0.05,0.0533,Yahoo recorded 10-for-1 on 2011-06-23,True,"NSE corporate actions (Face Value Split From Rs.10/- To Re.1/- + Bonus 1:1, ex-date 2011-06-23); price move confirmed in NSE-anchored closes"
TORNTPHARM,2013-07-23,2013-07-23,split/bonus,Bonus 1:1,0.5,0.5053,Yahoo recorded 2-for-1 on 2013-07-23,True,"NSE corporate actions (Bonus 1:1, ex-date 2013-07-23); price move confirmed in NSE-anchored closes"
TORNTPHARM,2022-07-08,2022-07-08,split/bonus,Bonus 1:1,0.5,0.4974,Yahoo recorded 2-for-1 on 2022-07-08,True,"NSE corporate actions (Bonus 1:1, ex-date 2022-07-08); price move confirmed in NSE-anchored closes"
TRENT,2016-09-12,2016-09-12,split/bonus,Face Value Split From Rs 10 To Re 1,0.1,0.103,Yahoo recorded 10-for-1 on 2016-09-12,True,"NSE corporate actions (Face Value Split From Rs 10 To Re 1, ex-date 2016-09-12); price move confirmed in NSE-anchored closes"
TRENT,2026-06-04,2026-06-04,split/bonus,Bonus 1:2,0.666667,0.6665,Yahoo recorded 1.5-for-1 on 2026-06-04,True,"NSE corporate actions (Bonus 1:2, ex-date 2026-06-04); price move confirmed in NSE-anchored closes"
UPL,2008-10-29,2008-10-29,split/bonus,Bonus 1:1,0.5,0.5831,Yahoo recorded 2-for-1 on 2008-10-29,True,"NSE corporate actions (Bonus 1:1, ex-date 2008-10-29); price move confirmed in NSE-anchored closes"
UPL,2019-07-02,2019-07-02,split/bonus,Bonus 1:2,0.666667,0.692,Yahoo recorded 1.5-for-1 on 2019-07-02,True,"NSE corporate actions (Bonus 1:2, ex-date 2019-07-02); price move confirmed in NSE-anchored closes"
UPL,2024-11-26,2024-11-26,rights,Rights 1:8 @ Premium Rs 358/-,0.962233,1.0117,Yahoo does not adjust rights issues,True,"NSE corporate actions (Rights 1:8 @ Premium Rs 358/-, face value ₹2): theoretical ex-rights price = (8×₹545.38 + 1×₹360.00) ÷ 9"
UNITDSPR,2018-06-15,2018-06-15,split/bonus,Face Value Split (Sub-Division) - From Rs 10/- Per Share To Rs 2/- Per Share,0.2,0.196,Yahoo recorded 5-for-1 on 2018-06-15,True,"NSE corporate actions (Face Value Split (Sub-Division) - From Rs 10/- Per Share To Rs 2/- Per Share, ex-date 2018-06-15); price move confirmed in NSE-anchored closes"
VBL,2019-07-25,2019-07-25,split/bonus,Bonus 1:2,0.666667,0.7,Yahoo recorded 1.5-for-1 on 2019-07-25,True,"NSE corporate actions (Bonus 1:2, ex-date 2019-07-25); price move confirmed in NSE-anchored closes"
VBL,2021-06-10,2021-06-10,split/bonus,Bonus 1:2,0.666667,0.686,Yahoo recorded 1.5-for-1 on 2021-06-10,True,"NSE corporate actions (Bonus 1:2, ex-date 2021-06-10); price move confirmed in NSE-anchored closes"
VBL,2022-06-06,2022-06-06,split/bonus,Bonus 1:2,0.666667,0.6661,Yahoo recorded 1.5-for-1 on 2022-06-06,True,"NSE corporate actions (Bonus 1:2, ex-date 2022-06-06); price move confirmed in NSE-anchored closes"
VBL,2023-06-15,2023-06-15,split/bonus,Face Value Split (Sub-Division) - From Rs 10/- Per Share To Rs 5/- Per Share,0.5,0.5122,Yahoo recorded 2-for-1 on 2023-06-15,True,"NSE corporate actions (Face Value Split (Sub-Division) - From Rs 10/- Per Share To Rs 5/- Per Share, ex-date 2023-06-15); price move confirmed in NSE-anchored closes"
VBL,2024-09-12,2024-09-12,split/bonus,Face Value Split (Sub-Division) - From Rs 5/- Per Share To Rs 2/- Per Share,0.4,0.4114,Yahoo recorded 2.5-for-1 on 2024-09-12,True,"NSE corporate actions (Face Value Split (Sub-Division) - From Rs 5/- Per Share To Rs 2/- Per Share, ex-date 2024-09-12); price move confirmed in NSE-anchored closes"
VEDL,2008-08-08,2008-08-08,split/bonus,Fv Spl-Rs10tore1 + Bon-1:1,0.05,0.0532,Yahoo recorded 10-for-1 on 2008-08-08,True,"NSE corporate actions (Fv Spl-Rs10tore1 + Bon-1:1, ex-date 2008-08-08); price move confirmed in NSE-anchored closes"
VEDL,2026-04-30,2026-04-30,demerger,Demerger,0.374224,0.351,,True,NSE special pre-open session price discovery: opening price ₹289.50 on 2026-04-30 vs previous close ₹773.60 on 2026-04-29 (NSE bhavcopies; SPOS framework https://www.nseindia.com/products-services/equity-market-special-pre-open-session)
IDEA,2019-03-29,2019-04-01,rights,Rights 87:38 @ Premium Of Rs 2.50 Per Share,0.604,0.6121,Yahoo does not adjust rights issues,True,"NSE corporate actions (Rights 87:38 @ Premium Of Rs 2.50 Per Share, face value ₹10): theoretical ex-rights price = (38×₹29.00 + 87×₹12.50) ÷ 125"
WIPRO,2010-06-15,2010-06-15,split/bonus,Bonus 2:3 And Final Dividend Rs.6/- Per Share,0.6,0.6055,Yahoo recorded 1.66667-for-1 on 2010-06-15,True,"NSE corporate actions (Bonus 2:3 And Final Dividend Rs.6/- Per Share, ex-date 2010-06-15); price move confirmed in NSE-anchored closes"
WIPRO,2017-06-13,2017-06-13,split/bonus,Bonus 1:1,0.5,0.4921,Yahoo recorded 2-for-1 on 2017-06-13,True,"NSE corporate actions (Bonus 1:1, ex-date 2017-06-13); price move confirmed in NSE-anchored closes"
WIPRO,2019-03-06,2019-03-06,split/bonus,Bonus 1:3,0.75,0.7631,Yahoo recorded 1.33333-for-1 on 2019-03-06,True,"NSE corporate actions (Bonus 1:3, ex-date 2019-03-06); price move confirmed in NSE-anchored closes"
WIPRO,2024-12-03,2024-12-03,split/bonus,Bonus 1:1,0.5,0.4989,Yahoo recorded 2-for-1 on 2024-12-03,True,"NSE corporate actions (Bonus 1:1, ex-date 2024-12-03); price move confirmed in NSE-anchored closes"
WIPRO,2013-04-09,2013-04-09,demerger,Scheme Of Arrangement,0.877228,0.8772,,True,no verified official ratio — that day's return dropped (treated as missing)
YESBANK,2017-09-21,2017-09-21,split/bonus,Face Value Split (Sub-Division) - From Rs 10/- Per Share To Rs 2/- Per Share,0.2,0.2005,Yahoo recorded 5-for-1 on 2017-09-21,True,"NSE corporate actions (Face Value Split (Sub-Division) - From Rs 10/- Per Share To Rs 2/- Per Share, ex-date 2017-09-21); price move confirmed in NSE-anchored closes"
ZYDUSLIFE,2010-04-05,2010-04-05,split/bonus,Bonus 1: 2,0.666667,0.6649,Yahoo recorded 1.5-for-1 on 2010-04-05,True,"NSE corporate actions (Bonus 1: 2, ex-date 2010-04-05); price move confirmed in NSE-anchored closes"
ZYDUSLIFE,2015-10-06,2015-10-06,split/bonus,Face Value Split (Sub-Division) - From Rs 5/- Per Share To Re 1/- Per Share,0.2,0.2045,Yahoo recorded 5-for-1 on 2015-10-06,True,"NSE corporate actions (Face Value Split (Sub-Division) - From Rs 5/- Per Share To Re 1/- Per Share, ex-date 2015-10-06); price move confirmed in NSE-anchored closes"
ZYDUSLIFE,2008-12-29,2008-12-29,demerger,Scheme Of Arrangement,0.947359,0.9474,,True,no verified official ratio — that day's return dropped (treated as missing)
