ticker,date,reason
ABB,2019-12-20,demerger ex-date (Demerger); no verified official ratio
AARTIIND,2022-10-19,demerger ex-date (Demerger); no verified official ratio
ADANIENT,2015-06-03,demerger ex-date (Scheme Of Arrangement); no verified official ratio
ADANIENT,2018-04-05,demerger ex-date (Scheme Of Arrangement); no verified official ratio
ADANIENT,2018-09-06,demerger ex-date (Scheme Of Arrangement); no verified official ratio
ABREL,2019-10-11,demerger ex-date (Demerger); no verified official ratio
BAJAJHLDNG,2008-03-14,demerger ex-date (Scheme Of Arrangement); no verified official ratio
BSOFT,2019-01-24,demerger ex-date (Composite Scheme Of Arrangement); no verified official ratio
CESC,2018-10-30,demerger ex-date (Composite Scheme Of Arrangement); no verified official ratio
CGPOWER,2016-03-15,demerger ex-date (Scheme Of Arrangement); no verified official ratio
CUPID,2024-10-28,split-sized jump (-90%) with no recorded corporate action
GMRAIRPORT,2022-01-11,demerger ex-date (Demerger); no verified official ratio
GRASIM,2010-05-26,demerger ex-date (Scheme Of Arrangement); no verified official ratio
GRASIM,2017-07-19,demerger ex-date (Scheme Of Arrangement); no verified official ratio
HEGAM,2026-09-07,demerger ex-date (Demerger); no verified official ratio
IIFL,2019-05-30,demerger ex-date (Scheme Of Arrangement); no verified official ratio
JBMA,2014-11-13,split-sized jump (-52%) with no recorded corporate action
JINDALSAW,2011-11-22,demerger ex-date (Scheme Of Arrangement); no verified official ratio
JINDALSAW,2016-08-25,demerger ex-date (Scheme Of Arrangement); no verified official ratio
JSL,2015-11-19,demerger ex-date (Composite Scheme Of Arrangement); no verified official ratio
MFSL,2016-01-27,demerger ex-date (Scheme Of Arrangement); no verified official ratio
NMDC,2022-10-27,demerger ex-date (Demerger); no verified official ratio
MOTHERSON,2022-01-14,demerger ex-date (Demerger); no verified official ratio
SCI,2023-03-31,demerger ex-date (Demerger); no verified official ratio
STLTECH,2025-04-24,demerger ex-date (Demerger); no verified official ratio
TATACHEM,2020-03-04,demerger ex-date (Demerger); no verified official ratio
VTL,2011-03-29,demerger ex-date (Scheme Of Arrangement); no verified official ratio
WELSPUNLIV,2009-06-19,demerger ex-date (Scheme Of Arrangement); no verified official ratio
WELSPUNLIV,2016-03-21,split-sized jump (-90%) with no recorded corporate action
WIPRO,2013-04-09,demerger ex-date (Scheme Of Arrangement); no verified official ratio
ZFCVINDIA,2008-10-01,split-sized jump (-66%) with no recorded corporate action
ZYDUSLIFE,2008-12-29,demerger ex-date (Scheme Of Arrangement); no verified official ratio
