ticker,change_date,q_before,q_after,yahoo_hidden_factor
360ONE,2023-03-02,2.0,1.0,2.0
ABB,2020-01-06,1.101493,1.0,1.101493
ADANIENT,2015-06-03,6.524219,1.835195,3.555055
ADANIENT,2018-04-05,1.835195,1.558552,1.1775
ADANIENT,2018-09-06,1.558552,1.0,1.558552
ADANIPORTS,2007-12-05,0.989082,1.0,0.989082
BAJFINANCE,2013-01-23,10.2925,10.0,1.02925
BAJFINANCE,2016-09-08,10.0,5.0,2.0
BAJFINANCE,2025-06-16,5.0,1.0,5.0
BAJAJFINSV,2012-09-06,2.0357,2.0,1.01785
BAJAJFINSV,2022-09-13,2.0,1.0,2.0
BHARTIARTL,2019-04-23,1.109561,1.018775,1.089113
BHARTIARTL,2021-09-27,1.018775,1.0,1.018775
CGPOWER,2016-03-15,2.886406,1.0,2.886406
CANBK,2017-02-17,1.028114,1.0,1.028114
CONCOR,2025-01-01,0.8,1.0,0.8
EXIDEIND,2007-12-10,1.039132,1.0,1.039132
FEDERALBNK,2007-11-19,1.306519,1.0,1.306519
GVT&D,2016-09-16,1.0,1.059981,0.943413
GVT&D,2016-11-01,1.059981,1.029138,1.02997
GVT&D,2016-11-24,1.029138,0.991011,1.038474
GVT&D,2016-12-20,0.991011,0.92235,1.074441
GVT&D,2017-01-10,0.92235,0.955983,0.964818
GVT&D,2017-02-27,0.955983,1.0,0.955983
GMRAIRPORT,2015-03-11,1.131357,1.109966,1.019272
GMRAIRPORT,2022-01-11,1.109966,1.0,1.109966
GODREJPROP,2013-08-19,1.075237,1.0,1.075237
GRASIM,2017-07-19,1.29615,1.003976,1.291017
HDFCBANK,2011-07-15,5.0,1.0,5.0
HINDALCO,2008-08-28,1.10338,1.0,1.10338
HINDZINC,2011-03-07,2.0,1.0,2.0
ITC,2025-01-06,1.038513,1.0,1.038513
INDHOTEL,2017-10-04,1.101938,1.031278,1.068517
INDHOTEL,2021-11-11,1.031278,1.0,1.031278
LTF,2021-01-21,1.075137,1.0,1.075137
M&MFIN,2020-07-22,1.640158,1.0,1.640158
MOTILALOFS,2024-01-01,0.25,1.0,0.25
NMDC,2022-10-27,1.300995,1.0,1.300995
NATIONALUM,2011-03-15,2.0,1.0,2.0
ONGC,2011-02-08,2.0,1.0,2.0
RELIANCE,2023-07-20,1.083424,1.0,1.083424
MOTHERSON,2022-01-14,1.62671,1.0,1.62671
SHRIRAMFIN,2020-07-09,1.026322,1.0,1.026322
SIEMENS,2025-04-07,1.703579,1.002472,1.699378
SBIN,2008-01-28,1.05986,1.0,1.05986
SUZLON,2022-10-03,1.089071,1.0,1.089071
TATACOMM,2019-10-01,1.610566,1.0,1.610566
TMPV,2008-09-09,1.043675,1.010726,1.032599
TMPV,2015-04-06,1.010726,1.0,1.010726
TATAPOWER,2014-03-19,1.036251,1.0,1.036251
TATASTEEL,2007-10-29,1.343298,1.049608,1.279809
TATASTEEL,2018-01-31,1.049608,1.0,1.049608
TECHM,2015-03-19,2.0,1.0,2.0
TITAN,2011-06-23,2.0,1.0,2.0
TRENT,2010-07-08,0.7915,0.666667,1.18725
TRENT,2026-01-01,0.666667,1.0,0.666667
VEDL,2008-08-08,2.0,1.0,2.0
IDEA,2019-04-01,1.65846,1.0,1.65846
ZYDUSLIFE,2008-12-29,1.078996,1.0,1.078996
