ticker,date,nse_close,snapshot_raw_close,difference,within_1pct,source
POWERINDIA,2021-03-12,1362.55,1362.55,0.0,True,NSE bhavcopy 2021-03-12
ADANIENT,2016-11-30,68.05,68.05,0.0,True,NSE bhavcopy 2016-11-30
ECLERX,2016-08-16,1606.65,1606.65,-0.0,True,NSE bhavcopy 2016-08-16
BRITANNIA,2011-02-16,362.4,362.4,-0.0,True,NSE bhavcopy 2011-02-16
SAIL,2025-11-14,141.99,141.99,0.0,True,NSE bhavcopy 2025-11-14
AWL,2025-08-07,250.7,250.7,-0.0,True,NSE bhavcopy 2025-08-07
AEGISLOG,2008-09-10,159.9,159.9,-0.0,True,NSE bhavcopy 2008-09-10
BAJAJFINSV,2015-09-15,1874.35,1862.3,-0.00643,True,NSE bhavcopy 2015-09-15
DEVYANI,2025-10-21,167.41,167.41,0.0,True,NSE bhavcopy 2025-10-21
PARADEEP,2022-08-12,49.6,49.6,-0.0,True,NSE bhavcopy 2022-08-12
NAVINFLUOR,2014-05-12,382.3,382.3,-0.0,True,NSE bhavcopy 2014-05-12
STARHEALTH,2026-06-19,580.25,580.25,0.0,True,NSE bhavcopy 2026-06-19
ITI,2015-02-02,34.45,34.45,0.0,True,NSE bhavcopy 2015-02-02
JWL,2020-08-18,14.3,14.3,0.0,True,NSE bhavcopy 2020-08-18
FLUOROCHEM,2026-06-30,3964.0,3964.0,0.0,True,NSE bhavcopy 2026-06-30
ABB,2013-01-18,687.55,687.55,-0.0,True,NSE bhavcopy 2013-01-18
SHRIPISTON,2023-06-12,1549.85,1549.85,-0.0,True,NSE bhavcopy 2023-06-12
HEGAM,2017-01-02,151.1,151.1,-0.0,True,NSE bhavcopy 2017-01-02
CARTRADE,2023-05-31,417.0,417.0,0.0,True,NSE bhavcopy 2023-05-31
TEJASNET,2023-01-19,553.2,553.2,0.0,True,NSE bhavcopy 2023-01-19
BANDHANBNK,2019-10-16,583.6,583.6,-0.0,True,NSE bhavcopy 2019-10-16
IGL,2010-12-09,317.5,317.5,0.0,True,NSE bhavcopy 2010-12-09
HONAUT,2019-03-11,22000.05,22000.05,0.0,True,NSE bhavcopy 2019-03-11
UTIAMC,2021-02-17,560.65,560.65,0.0,True,NSE bhavcopy 2021-02-17
NIFTY50,2024-07-22,24509.25,24509.25,0.0,True,NSE ind_close_all_22072024.csv
NIFTY50,2020-01-28,12055.8,12055.8,-0.0,True,NSE ind_close_all_28012020.csv
NIFTY50,2021-05-06,14724.8,14724.8,-0.0,True,NSE ind_close_all_06052021.csv
NIFTY50,2014-06-27,7508.8,7508.8,-0.0,True,NSE ind_close_all_27062014.csv
NIFTY50,2018-09-18,11278.9,11278.9,0.0,True,NSE ind_close_all_18092018.csv
NIFTY50,2013-09-19,6115.55,6115.55,-0.0,True,NSE ind_close_all_19092013.csv
