current_symbol,old_symbol,changed_on,company,source,history_handling
360ONE,IIFLWAM,2023-01-23,360 ONE WAM LIMITED,NSE symbol-change list (archives.nseindia.com/content/equities/symbolchange.csv),Yahoo carries the full history under the new symbol; NSE checks use the old symbol before the change date
ADANIENSOL,ADANITRANS,2023-08-24,Adani Energy Solutions Limited,NSE symbol-change list (archives.nseindia.com/content/equities/symbolchange.csv),Yahoo carries the full history under the new symbol; NSE checks use the old symbol before the change date
ADANIENT,ADANIEXPO,2006-09-20,Adani Enterprises Limited,NSE symbol-change list (archives.nseindia.com/content/equities/symbolchange.csv),Yahoo carries the full history under the new symbol; NSE checks use the old symbol before the change date
ADANIPORTS,MUNDRAPORT,2012-01-17,Adani Ports and Special Economic Zone Limited,NSE symbol-change list (archives.nseindia.com/content/equities/symbolchange.csv),Yahoo carries the full history under the new symbol; NSE checks use the old symbol before the change date
ATGL,ADANIGAS,2021-01-13,Adani Total Gas Limited,NSE symbol-change list (archives.nseindia.com/content/equities/symbolchange.csv),Yahoo carries the full history under the new symbol; NSE checks use the old symbol before the change date
AMBUJACEM,GUJAMBCEM,2007-07-24,Ambuja Cements Limited,NSE symbol-change list (archives.nseindia.com/content/equities/symbolchange.csv),Yahoo carries the full history under the new symbol; NSE checks use the old symbol before the change date
AXISBANK,UTIBANK,2007-08-16,Axis Bank Limited,NSE symbol-change list (archives.nseindia.com/content/equities/symbolchange.csv),Yahoo carries the full history under the new symbol; NSE checks use the old symbol before the change date
BAJFINANCE,BAJAUTOFIN,2010-09-29,Bajaj Finance Limited,NSE symbol-change list (archives.nseindia.com/content/equities/symbolchange.csv),Yahoo carries the full history under the new symbol; NSE checks use the old symbol before the change date
BAJAJHLDNG,BAJAJAUTO,2008-03-14,Bajaj Holdings & Investment Limited,NSE symbol-change list (archives.nseindia.com/content/equities/symbolchange.csv),Yahoo carries the full history under the new symbol; NSE checks use the old symbol before the change date
BHARTIARTL,BHARTI,2006-06-19,Bharti Airtel Limited,NSE symbol-change list (archives.nseindia.com/content/equities/symbolchange.csv),Yahoo carries the full history under the new symbol; NSE checks use the old symbol before the change date
BOSCHLTD,MICO,2008-02-28,Bosch Limited,NSE symbol-change list (archives.nseindia.com/content/equities/symbolchange.csv),Yahoo carries the full history under the new symbol; NSE checks use the old symbol before the change date
CGPOWER,CROMPGREAV,2017-03-08,CG Power and Industrial Solutions Limited,NSE symbol-change list (archives.nseindia.com/content/equities/symbolchange.csv),Yahoo carries the full history under the new symbol; NSE checks use the old symbol before the change date
CHOLAFIN,CHOLADBS,2010-06-22,Cholamandalam Investment and Finance Company Limited,NSE symbol-change list (archives.nseindia.com/content/equities/symbolchange.csv),Yahoo carries the full history under the new symbol; NSE checks use the old symbol before the change date
CHOLAFIN,CHOLAINV,2006-06-01,Cholamandalam Investment and Finance Company Limited,NSE symbol-change list (archives.nseindia.com/content/equities/symbolchange.csv),Yahoo carries the full history under the new symbol; NSE checks use the old symbol before the change date
COFORGE,NIITTECH,2020-08-20,Coforge Limited,NSE symbol-change list (archives.nseindia.com/content/equities/symbolchange.csv),Yahoo carries the full history under the new symbol; NSE checks use the old symbol before the change date
CUMMINSIND,KIRLOSKCUM,2005-06-17,Cummins India Limited,NSE symbol-change list (archives.nseindia.com/content/equities/symbolchange.csv),Yahoo carries the full history under the new symbol; NSE checks use the old symbol before the change date
ETERNAL,ZOMATO,2025-04-09,ETERNAL LIMITED,NSE symbol-change list (archives.nseindia.com/content/equities/symbolchange.csv),Yahoo carries the full history under the new symbol; NSE checks use the old symbol before the change date
EXIDEIND,CHLORIDIND,2005-09-12,Exide Industries Limited,NSE symbol-change list (archives.nseindia.com/content/equities/symbolchange.csv),Yahoo carries the full history under the new symbol; NSE checks use the old symbol before the change date
GVT&D,GET&D,2024-11-05,GE Vernova T&D India Limited,NSE symbol-change list (archives.nseindia.com/content/equities/symbolchange.csv),Yahoo carries the full history under the new symbol; NSE checks use the old symbol before the change date
GVT&D,ALSTOMT&D,2016-09-14,GE T&D India Limited,NSE symbol-change list (archives.nseindia.com/content/equities/symbolchange.csv),Yahoo carries the full history under the new symbol; NSE checks use the old symbol before the change date
GVT&D,AREVAT&D,2012-03-12,GE T&D India Limited,NSE symbol-change list (archives.nseindia.com/content/equities/symbolchange.csv),Yahoo carries the full history under the new symbol; NSE checks use the old symbol before the change date
GVT&D,AREVA,2008-07-14,GE T&D India Limited,NSE symbol-change list (archives.nseindia.com/content/equities/symbolchange.csv),Yahoo carries the full history under the new symbol; NSE checks use the old symbol before the change date
GVT&D,GECALSTHOM,2008-06-30,GE T&D India Limited,NSE symbol-change list (archives.nseindia.com/content/equities/symbolchange.csv),Yahoo carries the full history under the new symbol; NSE checks use the old symbol before the change date
GMRAIRPORT,GMRINFRA,2024-12-11,GMR AIRPORTS LIMITED,NSE symbol-change list (archives.nseindia.com/content/equities/symbolchange.csv),Yahoo carries the full history under the new symbol; NSE checks use the old symbol before the change date
HEROMOTOCO,HEROHONDA,2011-08-08,Hero MotoCorp Limited,NSE symbol-change list (archives.nseindia.com/content/equities/symbolchange.csv),Yahoo carries the full history under the new symbol; NSE checks use the old symbol before the change date
HINDALCO,HINDALC0,2007-08-27,Hindalco Industries Limited,NSE symbol-change list (archives.nseindia.com/content/equities/symbolchange.csv),Yahoo carries the full history under the new symbol; NSE checks use the old symbol before the change date
HINDUNILVR,HINDLEVER,2007-07-19,Hindustan Unilever Limited,NSE symbol-change list (archives.nseindia.com/content/equities/symbolchange.csv),Yahoo carries the full history under the new symbol; NSE checks use the old symbol before the change date
IDFCFIRSTB,IDFCBANK,2019-01-16,IDFC First Bank Limited,NSE symbol-change list (archives.nseindia.com/content/equities/symbolchange.csv),Yahoo carries the full history under the new symbol; NSE checks use the old symbol before the change date
INDUSTOWER,INFRATEL,2020-12-18,Indus Towers Limited,NSE symbol-change list (archives.nseindia.com/content/equities/symbolchange.csv),Yahoo carries the full history under the new symbol; NSE checks use the old symbol before the change date
INFY,INFOSYSTCH,2011-06-29,Infosys Limited,NSE symbol-change list (archives.nseindia.com/content/equities/symbolchange.csv),Yahoo carries the full history under the new symbol; NSE checks use the old symbol before the change date
JSWSTEEL,JSWSTL,2005-09-16,JSW Steel Limited,NSE symbol-change list (archives.nseindia.com/content/equities/symbolchange.csv),Yahoo carries the full history under the new symbol; NSE checks use the old symbol before the change date
KOTAKBANK,KOTAKMAH,2003-04-21,Kotak Mahindra Bank Limited,NSE symbol-change list (archives.nseindia.com/content/equities/symbolchange.csv),Yahoo carries the full history under the new symbol; NSE checks use the old symbol before the change date
LTF,L&TFH,2024-04-23,L&T Finance Limited,NSE symbol-change list (archives.nseindia.com/content/equities/symbolchange.csv),Yahoo carries the full history under the new symbol; NSE checks use the old symbol before the change date
LTM,LTIM,2026-02-27,LTM Limited,NSE symbol-change list (archives.nseindia.com/content/equities/symbolchange.csv),Yahoo carries the full history under the new symbol; NSE checks use the old symbol before the change date
LTM,LTI,2022-12-05,LTIMindtree Limited,NSE symbol-change list (archives.nseindia.com/content/equities/symbolchange.csv),Yahoo carries the full history under the new symbol; NSE checks use the old symbol before the change date
MARICO,MARICOIND,2005-06-14,Marico Limited,NSE symbol-change list (archives.nseindia.com/content/equities/symbolchange.csv),Yahoo carries the full history under the new symbol; NSE checks use the old symbol before the change date
MFSL,MAX,2016-02-26,Max Financial Services Limited,NSE symbol-change list (archives.nseindia.com/content/equities/symbolchange.csv),Yahoo carries the full history under the new symbol; NSE checks use the old symbol before the change date
MPHASIS,MPHASISBFL,2006-12-26,MphasiS Limited,NSE symbol-change list (archives.nseindia.com/content/equities/symbolchange.csv),Yahoo carries the full history under the new symbol; NSE checks use the old symbol before the change date
MPHASIS,BFLSOFTWAR,2004-06-15,MphasiS Limited,NSE symbol-change list (archives.nseindia.com/content/equities/symbolchange.csv),Yahoo carries the full history under the new symbol; NSE checks use the old symbol before the change date
NLCINDIA,NEYVELILIG,2016-08-04,NLC India Limited,NSE symbol-change list (archives.nseindia.com/content/equities/symbolchange.csv),Yahoo carries the full history under the new symbol; NSE checks use the old symbol before the change date
OBEROIRLTY,OBEROIREAL,2010-12-10,Oberoi Realty Limited,NSE symbol-change list (archives.nseindia.com/content/equities/symbolchange.csv),Yahoo carries the full history under the new symbol; NSE checks use the old symbol before the change date
OFSS,I-FLEX,2008-09-18,Oracle Financial Services Software Limited,NSE symbol-change list (archives.nseindia.com/content/equities/symbolchange.csv),Yahoo carries the full history under the new symbol; NSE checks use the old symbol before the change date
MOTHERSON,MOTHERSUMI,2022-06-09,Samvardhana Motherson International Limited,NSE symbol-change list (archives.nseindia.com/content/equities/symbolchange.csv),Yahoo carries the full history under the new symbol; NSE checks use the old symbol before the change date
SHRIRAMFIN,SRTRANSFIN,2022-12-20,Shriram Finance Limited,NSE symbol-change list (archives.nseindia.com/content/equities/symbolchange.csv),Yahoo carries the full history under the new symbol; NSE checks use the old symbol before the change date
SOLARINDS,SOLAREX,2009-04-13,Solar Industries India Limited,NSE symbol-change list (archives.nseindia.com/content/equities/symbolchange.csv),Yahoo carries the full history under the new symbol; NSE checks use the old symbol before the change date
TVSMOTOR,TVS-SUZUKI,2001-12-03,TVS Motor Company Limited,NSE symbol-change list (archives.nseindia.com/content/equities/symbolchange.csv),Yahoo carries the full history under the new symbol; NSE checks use the old symbol before the change date
TATACOMM,VSNL,2008-02-25,Tata Communications Limited,NSE symbol-change list (archives.nseindia.com/content/equities/symbolchange.csv),Yahoo carries the full history under the new symbol; NSE checks use the old symbol before the change date
TATACONSUM,TATAGLOBAL,2020-02-27,TATA CONSUMER PRODUCTS LIMITED,NSE symbol-change list (archives.nseindia.com/content/equities/symbolchange.csv),Yahoo carries the full history under the new symbol; NSE checks use the old symbol before the change date
TATACONSUM,TATATEA,2010-07-21,TATA CONSUMER PRODUCTS LIMITED,NSE symbol-change list (archives.nseindia.com/content/equities/symbolchange.csv),Yahoo carries the full history under the new symbol; NSE checks use the old symbol before the change date
TMPV,TATAMOTORS,2025-10-24,Tata Motors Passenger Vehicles Limited,NSE symbol-change list (archives.nseindia.com/content/equities/symbolchange.csv),Yahoo carries the full history under the new symbol; NSE checks use the old symbol before the change date
TMPV,TELCO,2003-12-26,Tata Motors Limited,NSE symbol-change list (archives.nseindia.com/content/equities/symbolchange.csv),Yahoo carries the full history under the new symbol; NSE checks use the old symbol before the change date
TATASTEEL,TISCO,2005-10-17,Tata Steel Limited,NSE symbol-change list (archives.nseindia.com/content/equities/symbolchange.csv),Yahoo carries the full history under the new symbol; NSE checks use the old symbol before the change date
TRENT,LAKME,2004-06-07,Trent Limited,NSE symbol-change list (archives.nseindia.com/content/equities/symbolchange.csv),Yahoo carries the full history under the new symbol; NSE checks use the old symbol before the change date
UPL,UNIPHOS,2013-10-23,UPL Limited,NSE symbol-change list (archives.nseindia.com/content/equities/symbolchange.csv),Yahoo carries the full history under the new symbol; NSE checks use the old symbol before the change date
UNITDSPR,MCDOWELL-N,2024-06-07,United Spirits Limited,NSE symbol-change list (archives.nseindia.com/content/equities/symbolchange.csv),Yahoo carries the full history under the new symbol; NSE checks use the old symbol before the change date
VEDL,SSLT,2015-05-07,Vedanta Limited,NSE symbol-change list (archives.nseindia.com/content/equities/symbolchange.csv),Yahoo carries the full history under the new symbol; NSE checks use the old symbol before the change date
VEDL,SESAGOA,2013-10-04,Vedanta Limited,NSE symbol-change list (archives.nseindia.com/content/equities/symbolchange.csv),Yahoo carries the full history under the new symbol; NSE checks use the old symbol before the change date
ZYDUSLIFE,CADILAHC,2022-03-07,Zydus Lifesciences Limited,NSE symbol-change list (archives.nseindia.com/content/equities/symbolchange.csv),Yahoo carries the full history under the new symbol; NSE checks use the old symbol before the change date
COLPAL,COLGATE,2007-12-17,,"NSE bhavcopies — official closes move exactly with Yahoo's COLPAL on 2007-09-17, 2007-10-01 and 2007-11-01 (not in NSE's symbol-change list)",Yahoo carries the full history under the new symbol; NSE checks use the old symbol before the change date
